Customer_ID,Last_Order_Date,Recency_Days,Frequency,Monetary,R_Score,F_Score,M_Score,RFM_Score,Customer_Segment,Value_Segment
CUST-0001,2025-10-20,72,3,141586.58000000002,2,1,1,211,Lost Customers,Low Value
CUST-0002,2025-12-07,24,5,313041.7,4,2,3,423,New Customers,Medium Value
CUST-0003,2025-12-30,1,4,42371.22,5,1,1,511,New Customers,Low Value
CUST-0004,2025-10-26,66,7,266861.57999999996,2,3,2,232,At Risk,Medium Value
CUST-0005,2025-12-15,16,8,474047.32,4,4,4,444,Champions,Medium Value
CUST-0006,2025-12-16,15,9,1078923.31,4,4,5,445,Champions,High Value
CUST-0007,2025-09-29,93,6,756485.9,1,2,5,125,Lost Customers,High Value
CUST-0008,2025-09-17,105,5,316449.56,1,2,3,123,Lost Customers,Medium Value
CUST-0009,2025-12-28,3,12,286777.26,5,5,3,553,Loyal Customers,Medium Value
CUST-0010,2025-11-14,47,6,288792.65,3,2,3,323,Potential Customers,Medium Value
CUST-0011,2025-11-29,32,4,128717.15,3,1,1,311,Potential Customers,Low Value
CUST-0012,2025-11-20,41,9,171457.79,3,4,2,342,Loyal Customers,Low Value
CUST-0013,2025-10-06,86,3,133613.08,1,1,1,111,Lost Customers,Low Value
CUST-0014,2025-12-27,4,8,853414.75,5,4,5,545,Champions,High Value
CUST-0015,2025-10-27,65,8,1185551.67,2,4,5,245,At Risk,High Value
CUST-0016,2025-12-20,11,7,703574.91,5,3,5,535,Loyal Customers,High Value
CUST-0017,2025-04-30,245,3,287190.31,1,1,3,113,Lost Customers,Medium Value
CUST-0018,2025-12-23,8,5,565292.22,5,2,4,524,New Customers,High Value
CUST-0019,2025-12-21,10,10,359183.79,5,5,3,553,Loyal Customers,Medium Value
CUST-0020,2025-10-06,86,4,74121.11,1,1,1,111,Lost Customers,Low Value
CUST-0021,2025-12-30,1,8,161891.54,5,4,2,542,Loyal Customers,Low Value
CUST-0022,2025-12-29,2,7,538489.8400000001,5,3,4,534,Loyal Customers,High Value
CUST-0023,2025-12-16,15,10,360701.83999999997,4,5,3,453,Loyal Customers,Medium Value
CUST-0024,2025-08-02,151,5,143500.62,1,2,1,121,Lost Customers,Low Value
CUST-0025,2025-10-27,65,8,419788.88,2,4,3,243,At Risk,Medium Value
CUST-0026,2025-10-12,80,7,686035.3300000001,2,3,5,235,At Risk,High Value
CUST-0027,2025-11-13,48,8,88360.18,3,4,1,341,Loyal Customers,Low Value
CUST-0028,2025-09-26,96,10,621369.55,1,5,5,155,At Risk,High Value
CUST-0029,2025-12-31,0,6,248270.77000000002,5,2,2,522,New Customers,Medium Value
CUST-0030,2025-11-30,31,7,609910.3,3,3,4,334,Loyal Customers,High Value
CUST-0031,2025-12-29,2,8,1291428.38,5,4,5,545,Champions,High Value
CUST-0032,2025-12-15,16,8,354009.77999999997,4,4,3,443,Loyal Customers,Medium Value
CUST-0033,2025-12-18,13,9,406304.23,4,4,3,443,Loyal Customers,Medium Value
CUST-0034,2025-09-06,116,10,171647.0,1,5,2,152,At Risk,Low Value
CUST-0035,2025-10-25,67,7,732289.72,2,3,5,235,At Risk,High Value
CUST-0036,2025-12-26,5,10,484290.33,5,5,4,554,Champions,Medium Value
CUST-0037,2025-11-02,59,8,361380.9,2,4,3,243,At Risk,Medium Value
CUST-0038,2025-11-16,45,7,193109.1,3,3,2,332,Loyal Customers,Low Value
CUST-0039,2025-11-05,56,11,1352799.25,2,5,5,255,At Risk,High Value
CUST-0040,2025-10-31,61,5,655433.58,2,2,5,225,Lost Customers,High Value
CUST-0041,2025-11-22,39,9,137452.49,3,4,1,341,Loyal Customers,Low Value
CUST-0042,2025-11-20,41,6,390805.89,3,2,3,323,Potential Customers,Medium Value
CUST-0043,2025-11-23,38,5,333637.68,3,2,3,323,Potential Customers,Medium Value
CUST-0044,2025-08-06,147,5,273180.42,1,2,2,122,Lost Customers,Medium Value
CUST-0045,2025-12-23,8,9,718846.17,5,4,5,545,Champions,High Value
CUST-0046,2025-12-18,13,7,257924.88,4,3,2,432,Loyal Customers,Medium Value
CUST-0047,2025-11-18,43,10,949532.2200000001,3,5,5,355,Loyal Customers,High Value
CUST-0048,2025-08-20,133,7,545362.45,1,3,4,134,At Risk,High Value
CUST-0049,2025-11-13,48,5,540690.8300000001,3,2,4,324,Potential Customers,High Value
CUST-0050,2025-09-13,109,3,49190.99,1,1,1,111,Lost Customers,Low Value
CUST-0051,2025-11-30,31,4,115198.9,3,1,1,311,Potential Customers,Low Value
CUST-0052,2025-12-01,30,10,415084.44999999995,3,5,3,353,Loyal Customers,Medium Value
CUST-0053,2025-11-05,56,5,129609.53,2,2,1,221,Lost Customers,Low Value
CUST-0054,2025-12-27,4,10,498803.48,5,5,4,554,Champions,High Value
CUST-0055,2025-11-20,41,10,891930.15,3,5,5,355,Loyal Customers,High Value
CUST-0056,2025-12-03,28,10,568425.62,3,5,4,354,Loyal Customers,High Value
CUST-0057,2025-11-06,55,8,983248.2300000001,2,4,5,245,At Risk,High Value
CUST-0058,2025-12-19,12,11,1106806.01,4,5,5,455,Champions,High Value
CUST-0059,2025-11-13,48,8,531510.8,3,4,4,344,Loyal Customers,High Value
CUST-0060,2025-08-16,137,4,130658.05,1,1,1,111,Lost Customers,Low Value
CUST-0061,2025-12-24,7,8,329423.06,5,4,3,543,Loyal Customers,Medium Value
CUST-0062,2025-12-31,0,8,247157.86000000002,5,4,2,542,Loyal Customers,Medium Value
CUST-0063,2025-11-04,57,5,572539.4299999999,2,2,4,224,Lost Customers,High Value
CUST-0064,2025-12-24,7,4,74217.77,5,1,1,511,New Customers,Low Value
CUST-0065,2025-11-27,34,8,565051.26,3,4,4,344,Loyal Customers,High Value
CUST-0066,2025-12-25,6,11,842433.64,5,5,5,555,Champions,High Value
CUST-0067,2025-12-28,3,9,190469.89,5,4,2,542,Loyal Customers,Low Value
CUST-0068,2025-09-04,118,6,102568.51000000001,1,2,1,121,Lost Customers,Low Value
CUST-0069,2025-10-13,79,8,162110.36,2,4,2,242,At Risk,Low Value
CUST-0070,2025-12-05,26,8,254290.30999999997,4,4,2,442,Loyal Customers,Medium Value
CUST-0071,2025-11-05,56,6,205300.25,2,2,2,222,Lost Customers,Low Value
CUST-0072,2025-10-27,65,6,377339.76,2,2,3,223,Lost Customers,Medium Value
CUST-0073,2025-11-23,38,6,73407.08,3,2,1,321,Potential Customers,Low Value
CUST-0074,2025-12-16,15,7,853737.79,4,3,5,435,Loyal Customers,High Value
CUST-0075,2025-07-27,157,4,502205.11,1,1,4,114,Lost Customers,High Value
CUST-0076,2025-11-25,36,7,268346.1,3,3,2,332,Loyal Customers,Medium Value
CUST-0077,2025-12-06,25,5,479753.86000000004,4,2,4,424,New Customers,Medium Value
CUST-0078,2025-12-18,13,6,427954.05000000005,4,2,4,424,New Customers,Medium Value
CUST-0079,2025-11-28,33,8,907975.59,3,4,5,345,Loyal Customers,High Value
CUST-0080,2025-10-01,91,6,433219.27999999997,1,2,4,124,Lost Customers,Medium Value
CUST-0081,2025-12-01,30,7,282788.01,3,3,2,332,Loyal Customers,Medium Value
CUST-0082,2025-12-23,8,8,183003.66999999998,5,4,2,542,Loyal Customers,Low Value
CUST-0083,2025-12-02,29,6,83184.45,3,2,1,321,Potential Customers,Low Value
CUST-0084,2025-09-08,114,6,331613.61,1,2,3,123,Lost Customers,Medium Value
CUST-0085,2025-03-22,284,4,58057.76,1,1,1,111,Lost Customers,Low Value
CUST-0086,2025-09-13,109,3,325498.19,1,1,3,113,Lost Customers,Medium Value
CUST-0087,2025-11-28,33,9,687535.72,3,4,5,345,Loyal Customers,High Value
CUST-0088,2025-09-18,104,2,616376.49,1,1,4,114,Lost Customers,High Value
CUST-0089,2025-10-18,74,8,471929.47,2,4,4,244,At Risk,Medium Value
CUST-0090,2025-12-03,28,8,380298.74,3,4,3,343,Loyal Customers,Medium Value
CUST-0091,2025-11-23,38,3,156901.5,3,1,1,311,Potential Customers,Low Value
CUST-0092,2025-08-11,142,5,193386.92,1,2,2,122,Lost Customers,Low Value
CUST-0093,2025-12-19,12,2,7249.37,4,1,1,411,New Customers,Low Value
CUST-0094,2025-12-27,4,5,196249.16,5,2,2,522,New Customers,Low Value
CUST-0095,2025-11-16,45,10,492445.98000000004,3,5,4,354,Loyal Customers,High Value
CUST-0096,2025-10-26,66,6,117509.20999999999,2,2,1,221,Lost Customers,Low Value
CUST-0097,2025-12-17,14,7,277645.45,4,3,2,432,Loyal Customers,Medium Value
CUST-0098,2025-12-08,23,8,557564.98,4,4,4,444,Champions,High Value
CUST-0099,2025-11-18,43,3,98254.66,3,1,1,311,Potential Customers,Low Value
CUST-0100,2025-12-27,4,7,437891.25,5,3,4,534,Loyal Customers,Medium Value
CUST-0101,2025-12-11,20,5,1243729.57,4,2,5,425,New Customers,High Value
CUST-0102,2025-12-30,1,8,774111.63,5,4,5,545,Champions,High Value
CUST-0103,2025-12-03,28,8,605921.11,3,4,4,344,Loyal Customers,High Value
CUST-0104,2025-11-15,46,4,172491.58000000002,3,1,2,312,Potential Customers,Low Value
CUST-0105,2025-12-17,14,8,1013853.6699999999,4,4,5,445,Champions,High Value
CUST-0106,2025-12-13,18,10,368660.44999999995,4,5,3,453,Loyal Customers,Medium Value
CUST-0107,2025-11-18,43,8,631071.03,3,4,5,345,Loyal Customers,High Value
CUST-0108,2025-12-09,22,7,200314.31,4,3,2,432,Loyal Customers,Low Value
CUST-0109,2025-12-22,9,5,518503.24,5,2,4,524,New Customers,High Value
CUST-0110,2025-10-01,91,5,97427.75,1,2,1,121,Lost Customers,Low Value
CUST-0111,2025-11-07,54,9,1089423.3900000001,2,4,5,245,At Risk,High Value
CUST-0112,2025-11-20,41,5,268204.21,3,2,2,322,Potential Customers,Medium Value
CUST-0113,2025-11-04,57,11,731519.51,2,5,5,255,At Risk,High Value
CUST-0114,2025-08-03,150,5,376826.92,1,2,3,123,Lost Customers,Medium Value
CUST-0115,2025-06-08,206,1,0.0,1,1,1,111,Lost Customers,Low Value
CUST-0116,2025-12-17,14,7,248934.0,4,3,2,432,Loyal Customers,Medium Value
CUST-0117,2025-07-04,180,6,334739.47,1,2,3,123,Lost Customers,Medium Value
CUST-0118,2025-12-20,11,8,315361.81,5,4,3,543,Loyal Customers,Medium Value
CUST-0119,2025-12-06,25,10,569795.4,4,5,4,454,Champions,High Value
CUST-0120,2025-12-01,30,7,281496.02,3,3,2,332,Loyal Customers,Medium Value
CUST-0121,2025-10-20,72,6,244178.86,2,2,2,222,Lost Customers,Low Value
CUST-0122,2025-10-14,78,6,407914.2,2,2,3,223,Lost Customers,Medium Value
CUST-0123,2025-09-22,100,7,484529.66,1,3,4,134,At Risk,Medium Value
CUST-0124,2025-08-15,138,5,186059.36,1,2,2,122,Lost Customers,Low Value
CUST-0125,2025-11-11,50,5,147545.9,2,2,1,221,Lost Customers,Low Value
CUST-0126,2025-11-14,47,8,515864.75,3,4,4,344,Loyal Customers,High Value
CUST-0127,2025-11-19,42,2,103567.88,3,1,1,311,Potential Customers,Low Value
CUST-0128,2025-12-17,14,12,669672.8600000001,4,5,5,455,Champions,High Value
CUST-0129,2025-12-07,24,5,159053.89,4,2,1,421,New Customers,Low Value
CUST-0130,2025-09-22,100,5,282273.56,1,2,2,122,Lost Customers,Medium Value
CUST-0131,2025-11-08,53,6,270970.32,2,2,2,222,Lost Customers,Medium Value
CUST-0132,2025-12-25,6,6,508943.79,5,2,4,524,New Customers,High Value
CUST-0133,2025-08-26,127,4,43610.13,1,1,1,111,Lost Customers,Low Value
CUST-0134,2025-12-19,12,8,284711.99,4,4,3,443,Loyal Customers,Medium Value
CUST-0135,2025-12-24,7,4,611067.3,5,1,4,514,New Customers,High Value
CUST-0136,2025-10-31,61,11,635575.39,2,5,5,255,At Risk,High Value
CUST-0137,2025-12-06,25,4,404434.43,4,1,3,413,New Customers,Medium Value
CUST-0138,2025-12-07,24,6,291442.08,4,2,3,423,New Customers,Medium Value
CUST-0139,2025-12-24,7,6,274951.38,5,2,2,522,New Customers,Medium Value
CUST-0140,2025-11-13,48,6,279546.86,3,2,2,322,Potential Customers,Medium Value
CUST-0141,2025-11-05,56,6,499258.47,2,2,4,224,Lost Customers,High Value
CUST-0142,2025-02-15,319,1,32427.6,1,1,1,111,Lost Customers,Low Value
CUST-0143,2025-06-30,184,5,418713.15,1,2,3,123,Lost Customers,Medium Value
CUST-0144,2025-12-21,10,10,250774.49,5,5,2,552,Loyal Customers,Medium Value
CUST-0145,2025-12-28,3,7,572237.33,5,3,4,534,Loyal Customers,High Value
CUST-0146,2025-12-10,21,4,504516.85,4,1,4,414,New Customers,High Value
CUST-0147,2025-06-20,194,3,74690.99,1,1,1,111,Lost Customers,Low Value
CUST-0148,2025-09-29,93,5,52743.08,1,2,1,121,Lost Customers,Low Value
CUST-0149,2025-10-08,84,5,231818.5,2,2,2,222,Lost Customers,Low Value
CUST-0150,2025-05-13,232,2,34979.18,1,1,1,111,Lost Customers,Low Value
CUST-0151,2025-12-29,2,9,707970.9800000001,5,4,5,545,Champions,High Value
CUST-0152,2025-12-20,11,6,197945.35,5,2,2,522,New Customers,Low Value
CUST-0153,2025-08-21,132,4,92818.72,1,1,1,111,Lost Customers,Low Value
CUST-0154,2025-10-25,67,9,292666.09,2,4,3,243,At Risk,Medium Value
CUST-0155,2025-12-18,13,9,763073.01,4,4,5,445,Champions,High Value
CUST-0156,2025-03-19,287,1,39006.11,1,1,1,111,Lost Customers,Low Value
CUST-0157,2025-08-24,129,6,318080.64,1,2,3,123,Lost Customers,Medium Value
CUST-0158,2025-10-10,82,5,95473.23000000001,2,2,1,221,Lost Customers,Low Value
CUST-0159,2025-12-21,10,12,339049.25,5,5,3,553,Loyal Customers,Medium Value
CUST-0160,2025-10-25,67,4,177870.49,2,1,2,212,Lost Customers,Low Value
CUST-0161,2025-12-02,29,8,952620.9299999999,3,4,5,345,Loyal Customers,High Value
CUST-0162,2025-11-18,43,7,961540.35,3,3,5,335,Loyal Customers,High Value
CUST-0163,2025-12-08,23,7,399814.74,4,3,3,433,Loyal Customers,Medium Value
CUST-0164,2025-12-26,5,11,661545.53,5,5,5,555,Champions,High Value
CUST-0165,2025-10-30,62,9,576056.26,2,4,4,244,At Risk,High Value
CUST-0166,2025-09-11,111,5,504590.97,1,2,4,124,Lost Customers,High Value
CUST-0167,2025-12-31,0,7,196456.54,5,3,2,532,Loyal Customers,Low Value
CUST-0168,2025-09-21,101,5,177285.8,1,2,2,122,Lost Customers,Low Value
CUST-0169,2025-10-25,67,8,834906.72,2,4,5,245,At Risk,High Value
CUST-0170,2025-10-03,89,6,427468.33999999997,1,2,4,124,Lost Customers,Medium Value
CUST-0171,2025-12-07,24,6,112630.98000000001,4,2,1,421,New Customers,Low Value
CUST-0172,2025-07-21,163,8,509617.36,1,4,4,144,At Risk,High Value
CUST-0173,2025-11-17,44,7,698220.02,3,3,5,335,Loyal Customers,High Value
CUST-0174,2025-10-29,63,3,685791.14,2,1,5,215,Lost Customers,High Value
CUST-0175,2025-12-31,0,7,218114.51,5,3,2,532,Loyal Customers,Low Value
CUST-0176,2025-12-31,0,8,265161.32999999996,5,4,2,542,Loyal Customers,Medium Value
CUST-0177,2025-12-31,0,4,143035.05,5,1,1,511,New Customers,Low Value
CUST-0178,2025-12-29,2,6,216908.41,5,2,2,522,New Customers,Low Value
CUST-0179,2025-12-25,6,10,512075.97000000003,5,5,4,554,Champions,High Value
CUST-0180,2025-12-28,3,8,691210.53,5,4,5,545,Champions,High Value
CUST-0181,2025-11-18,43,6,114181.06,3,2,1,321,Potential Customers,Low Value
CUST-0182,2025-07-04,180,3,279286.83999999997,1,1,2,112,Lost Customers,Medium Value
CUST-0183,2025-02-07,327,1,4164.28,1,1,1,111,Lost Customers,Low Value
CUST-0184,2025-12-24,7,6,374759.78,5,2,3,523,New Customers,Medium Value
CUST-0185,2025-12-23,8,6,596356.98,5,2,4,524,New Customers,High Value
CUST-0186,2025-12-23,8,11,272248.67,5,5,2,552,Loyal Customers,Medium Value
CUST-0187,2025-12-14,17,11,572390.16,4,5,4,454,Champions,High Value
CUST-0188,2025-09-01,121,5,356597.91000000003,1,2,3,123,Lost Customers,Medium Value
CUST-0189,2025-12-17,14,8,136751.72,4,4,1,441,Loyal Customers,Low Value
CUST-0190,2025-11-12,49,4,98167.63,2,1,1,211,Lost Customers,Low Value
CUST-0191,2025-10-12,80,5,96927.92,2,2,1,221,Lost Customers,Low Value
CUST-0192,2025-12-17,14,12,286162.58,4,5,3,453,Loyal Customers,Medium Value
CUST-0193,2025-12-31,0,11,641650.5700000001,5,5,5,555,Champions,High Value
CUST-0194,2025-10-19,73,7,825324.7100000001,2,3,5,235,At Risk,High Value
CUST-0195,2025-11-27,34,9,602516.78,3,4,4,344,Loyal Customers,High Value
CUST-0196,2025-12-11,20,9,384547.68,4,4,3,443,Loyal Customers,Medium Value
CUST-0197,2025-10-17,75,6,88683.29,2,2,1,221,Lost Customers,Low Value
CUST-0198,2025-12-30,1,3,75884.16,5,1,1,511,New Customers,Low Value
CUST-0199,2025-12-10,21,7,131476.98,4,3,1,431,Loyal Customers,Low Value
CUST-0200,2025-12-13,18,7,394531.76,4,3,3,433,Loyal Customers,Medium Value
CUST-0201,2025-12-25,6,7,587467.4500000001,5,3,4,534,Loyal Customers,High Value
CUST-0202,2025-11-23,38,5,516805.51,3,2,4,324,Potential Customers,High Value
CUST-0203,2025-12-28,3,4,57326.020000000004,5,1,1,511,New Customers,Low Value
CUST-0204,2025-12-09,22,8,828536.02,4,4,5,445,Champions,High Value
CUST-0205,2025-12-10,21,11,464672.72000000003,4,5,4,454,Champions,Medium Value
CUST-0206,2025-12-02,29,5,222179.97,3,2,2,322,Potential Customers,Low Value
CUST-0207,2025-10-25,67,6,467610.86000000004,2,2,4,224,Lost Customers,Medium Value
CUST-0208,2025-11-21,40,7,542511.21,3,3,4,334,Loyal Customers,High Value
CUST-0209,2025-10-18,74,8,436905.3,2,4,4,244,At Risk,Medium Value
CUST-0210,2025-12-21,10,4,339951.14,5,1,3,513,New Customers,Medium Value
CUST-0211,2025-12-04,27,5,172512.33000000002,3,2,2,322,Potential Customers,Low Value
CUST-0212,2025-12-12,19,8,181830.83000000002,4,4,2,442,Loyal Customers,Low Value
CUST-0213,2025-12-14,17,7,497060.19,4,3,4,434,Loyal Customers,High Value
CUST-0214,2025-11-24,37,8,649032.23,3,4,5,345,Loyal Customers,High Value
CUST-0215,2025-12-30,1,8,325396.44,5,4,3,543,Loyal Customers,Medium Value
CUST-0216,2025-11-20,41,8,351310.57,3,4,3,343,Loyal Customers,Medium Value
CUST-0217,2025-11-18,43,5,118367.76999999999,3,2,1,321,Potential Customers,Low Value
CUST-0218,2025-12-04,27,3,146350.49000000002,3,1,1,311,Potential Customers,Low Value
CUST-0219,2025-11-16,45,10,232105.14,3,5,2,352,Loyal Customers,Low Value
CUST-0220,2025-12-20,11,7,924082.44,5,3,5,535,Loyal Customers,High Value
CUST-0221,2025-11-08,53,6,400315.73,2,2,3,223,Lost Customers,Medium Value
CUST-0222,2025-08-23,130,6,127427.56,1,2,1,121,Lost Customers,Low Value
CUST-0223,2025-08-13,140,5,243783.78,1,2,2,122,Lost Customers,Low Value
CUST-0224,2025-12-18,13,3,489045.49,4,1,4,414,New Customers,High Value
CUST-0225,2025-10-12,80,10,547337.3,2,5,4,254,At Risk,High Value
CUST-0226,2025-11-04,57,6,309126.76,2,2,3,223,Lost Customers,Medium Value
CUST-0227,2025-10-28,64,5,371937.36000000004,2,2,3,223,Lost Customers,Medium Value
CUST-0228,2025-10-23,69,5,188697.86000000002,2,2,2,222,Lost Customers,Low Value
CUST-0229,2025-12-14,17,7,495003.61,4,3,4,434,Loyal Customers,High Value
CUST-0230,2025-12-26,5,12,536808.55,5,5,4,554,Champions,High Value
CUST-0231,2025-10-21,71,5,194717.81,2,2,2,222,Lost Customers,Low Value
CUST-0232,2025-12-09,22,7,492092.24,4,3,4,434,Loyal Customers,High Value
CUST-0233,2025-11-06,55,8,538874.81,2,4,4,244,At Risk,High Value
CUST-0234,2025-11-02,59,6,270050.75,2,2,2,222,Lost Customers,Medium Value
CUST-0235,2025-12-30,1,10,475128.3,5,5,4,554,Champions,Medium Value
CUST-0236,2025-12-28,3,8,441339.80999999994,5,4,4,544,Champions,Medium Value
CUST-0237,2025-10-15,77,7,276497.24,2,3,2,232,At Risk,Medium Value
CUST-0238,2025-12-23,8,8,340646.69,5,4,3,543,Loyal Customers,Medium Value
CUST-0239,2025-11-16,45,6,192108.27,3,2,2,322,Potential Customers,Low Value
CUST-0240,2025-11-10,51,8,449162.09,2,4,4,244,At Risk,Medium Value
CUST-0241,2025-10-10,82,9,682006.88,2,4,5,245,At Risk,High Value
CUST-0242,2025-12-23,8,9,748077.03,5,4,5,545,Champions,High Value
CUST-0243,2025-10-03,89,6,210221.88,1,2,2,122,Lost Customers,Low Value
CUST-0244,2025-12-09,22,3,185071.08,4,1,2,412,New Customers,Low Value
CUST-0245,2025-12-19,12,6,726547.41,4,2,5,425,New Customers,High Value
CUST-0246,2025-11-25,36,7,345619.43000000005,3,3,3,333,Loyal Customers,Medium Value
CUST-0247,2025-08-06,147,2,356208.33,1,1,3,113,Lost Customers,Medium Value
CUST-0248,2025-10-23,69,5,101689.73999999999,2,2,1,221,Lost Customers,Low Value
CUST-0249,2025-12-31,0,8,381010.85,5,4,3,543,Loyal Customers,Medium Value
CUST-0250,2025-12-18,13,5,105766.73,4,2,1,421,New Customers,Low Value
CUST-0251,2025-10-24,68,5,200671.02,2,2,2,222,Lost Customers,Low Value
CUST-0252,2025-12-21,10,11,275689.91,5,5,2,552,Loyal Customers,Medium Value
CUST-0253,2025-12-05,26,7,233589.0,4,3,2,432,Loyal Customers,Low Value
CUST-0254,2025-12-29,2,5,237848.08000000002,5,2,2,522,New Customers,Low Value
CUST-0255,2025-11-26,35,5,64604.61,3,2,1,321,Potential Customers,Low Value
CUST-0256,2025-12-25,6,8,401281.83,5,4,3,543,Loyal Customers,Medium Value
CUST-0257,2025-08-25,128,2,27869.28,1,1,1,111,Lost Customers,Low Value
CUST-0258,2025-08-08,145,8,279978.85,1,4,2,142,At Risk,Medium Value
CUST-0259,2025-12-30,1,6,297294.48,5,2,3,523,New Customers,Medium Value
CUST-0260,2025-11-20,41,9,604101.5299999999,3,4,4,344,Loyal Customers,High Value
CUST-0261,2025-11-15,46,4,186318.55,3,1,2,312,Potential Customers,Low Value
CUST-0262,2025-11-30,31,7,659624.62,3,3,5,335,Loyal Customers,High Value
CUST-0263,2025-12-08,23,9,1479297.18,4,4,5,445,Champions,High Value
CUST-0264,2025-11-22,39,5,796804.8300000001,3,2,5,325,Potential Customers,High Value
CUST-0265,2025-12-28,3,10,841081.1699999999,5,5,5,555,Champions,High Value
CUST-0266,2025-11-18,43,4,236543.75999999998,3,1,2,312,Potential Customers,Low Value
CUST-0267,2025-12-18,13,3,84617.35,4,1,1,411,New Customers,Low Value
CUST-0268,2025-10-23,69,10,775098.15,2,5,5,255,At Risk,High Value
CUST-0269,2025-11-06,55,5,332921.61,2,2,3,223,Lost Customers,Medium Value
CUST-0270,2025-10-15,77,10,430093.52,2,5,4,254,At Risk,Medium Value
CUST-0271,2025-08-28,125,8,532277.87,1,4,4,144,At Risk,High Value
CUST-0272,2025-10-03,89,7,346790.77,1,3,3,133,At Risk,Medium Value
CUST-0273,2025-12-31,0,4,75035.73000000001,5,1,1,511,New Customers,Low Value
CUST-0274,2025-10-05,87,3,274507.48,1,1,2,112,Lost Customers,Medium Value
CUST-0275,2025-07-14,170,7,180372.12,1,3,2,132,At Risk,Low Value
CUST-0276,2025-08-21,132,3,263519.73,1,1,2,112,Lost Customers,Medium Value
CUST-0277,2025-10-15,77,8,446227.79000000004,2,4,4,244,At Risk,Medium Value
CUST-0278,2025-12-28,3,5,248016.94,5,2,2,522,New Customers,Medium Value
CUST-0279,2025-11-13,48,5,82402.86,3,2,1,321,Potential Customers,Low Value
CUST-0280,2025-11-14,47,7,899672.2,3,3,5,335,Loyal Customers,High Value
CUST-0281,2025-12-27,4,8,620657.24,5,4,4,544,Champions,High Value
CUST-0282,2025-12-31,0,9,441769.31000000006,5,4,4,544,Champions,Medium Value
CUST-0283,2025-03-23,283,2,17393.53,1,1,1,111,Lost Customers,Low Value
CUST-0284,2025-12-08,23,9,1353090.67,4,4,5,445,Champions,High Value
CUST-0285,2025-12-13,18,3,218407.31,4,1,2,412,New Customers,Low Value
CUST-0286,2025-10-04,88,7,80234.48,1,3,1,131,At Risk,Low Value
CUST-0287,2025-09-10,112,2,158741.62,1,1,1,111,Lost Customers,Low Value
CUST-0288,2025-12-10,21,7,179161.63,4,3,2,432,Loyal Customers,Low Value
CUST-0289,2025-12-10,21,9,262821.95999999996,4,4,2,442,Loyal Customers,Medium Value
CUST-0290,2025-12-20,11,5,604300.52,5,2,4,524,New Customers,High Value
CUST-0291,2025-06-01,213,3,192638.6,1,1,2,112,Lost Customers,Low Value
CUST-0292,2025-08-28,125,4,104741.25,1,1,1,111,Lost Customers,Low Value
CUST-0293,2025-12-28,3,14,889197.29,5,5,5,555,Champions,High Value
CUST-0294,2025-08-22,131,4,127750.21,1,1,1,111,Lost Customers,Low Value
CUST-0295,2025-09-14,108,3,70823.3,1,1,1,111,Lost Customers,Low Value
CUST-0296,2025-11-23,38,12,976550.89,3,5,5,355,Loyal Customers,High Value
CUST-0297,2025-11-27,34,5,257301.45,3,2,2,322,Potential Customers,Medium Value
CUST-0298,2025-11-25,36,13,586141.79,3,5,4,354,Loyal Customers,High Value
CUST-0299,2025-12-05,26,3,149302.86,4,1,1,411,New Customers,Low Value
CUST-0300,2025-12-21,10,4,254409.51,5,1,2,512,New Customers,Medium Value
CUST-0301,2025-08-23,130,8,257125.76,1,4,2,142,At Risk,Medium Value
CUST-0302,2025-09-06,116,7,239593.87,1,3,2,132,At Risk,Low Value
CUST-0303,2025-11-06,55,14,383140.13,2,5,3,253,At Risk,Medium Value
CUST-0304,2025-11-21,40,3,44499.32,3,1,1,311,Potential Customers,Low Value
CUST-0305,2025-12-01,30,8,458848.69000000006,3,4,4,344,Loyal Customers,Medium Value
CUST-0306,2025-12-19,12,2,70601.8,4,1,1,411,New Customers,Low Value
CUST-0307,2025-10-26,66,7,372260.11,2,3,3,233,At Risk,Medium Value
CUST-0308,2025-09-13,109,8,798264.35,1,4,5,145,At Risk,High Value
CUST-0309,2025-12-19,12,8,710217.09,4,4,5,445,Champions,High Value
CUST-0310,2025-11-06,55,4,286741.32,2,1,3,213,Lost Customers,Medium Value
CUST-0311,2025-11-24,37,6,648888.5599999999,3,2,5,325,Potential Customers,High Value
CUST-0312,2025-12-12,19,6,410405.07999999996,4,2,3,423,New Customers,Medium Value
CUST-0313,2025-12-08,23,5,191277.81,4,2,2,422,New Customers,Low Value
CUST-0314,2025-09-30,92,5,649396.41,1,2,5,125,Lost Customers,High Value
CUST-0315,2025-10-23,69,9,463140.59,2,4,4,244,At Risk,Medium Value
CUST-0316,2025-12-11,20,8,613191.07,4,4,4,444,Champions,High Value
CUST-0317,2025-08-30,123,7,566621.51,1,3,4,134,At Risk,High Value
CUST-0318,2025-10-29,63,9,604659.3200000001,2,4,4,244,At Risk,High Value
CUST-0319,2025-10-28,64,4,426052.01,2,1,3,213,Lost Customers,Medium Value
CUST-0320,2025-10-19,73,7,482502.98000000004,2,3,4,234,At Risk,Medium Value
CUST-0321,2025-11-20,41,5,126601.79000000001,3,2,1,321,Potential Customers,Low Value
CUST-0322,2025-12-24,7,6,207882.52000000002,5,2,2,522,New Customers,Low Value
CUST-0323,2025-11-17,44,9,673633.9299999999,3,4,5,345,Loyal Customers,High Value
CUST-0324,2025-12-01,30,7,775777.64,3,3,5,335,Loyal Customers,High Value
CUST-0325,2025-10-08,84,6,492892.1,2,2,4,224,Lost Customers,High Value
CUST-0326,2025-08-29,124,6,175250.39,1,2,2,122,Lost Customers,Low Value
CUST-0327,2025-10-21,71,5,291057.76,2,2,3,223,Lost Customers,Medium Value
CUST-0328,2025-10-11,81,7,220370.49,2,3,2,232,At Risk,Low Value
CUST-0329,2025-12-31,0,10,485325.03,5,5,4,554,Champions,Medium Value
CUST-0330,2025-10-18,74,6,221653.14,2,2,2,222,Lost Customers,Low Value
CUST-0331,2025-12-15,16,3,57182.600000000006,4,1,1,411,New Customers,Low Value
CUST-0332,2025-12-29,2,9,498416.93,5,4,4,544,Champions,High Value
CUST-0333,2025-12-03,28,7,392348.45,3,3,3,333,Loyal Customers,Medium Value
CUST-0334,2025-11-19,42,8,462136.15,3,4,4,344,Loyal Customers,Medium Value
CUST-0335,2025-12-24,7,6,277773.65,5,2,2,522,New Customers,Medium Value
CUST-0336,2025-11-24,37,11,498473.74,3,5,4,354,Loyal Customers,High Value
CUST-0337,2025-12-23,8,3,206361.68000000002,5,1,2,512,New Customers,Low Value
CUST-0338,2025-12-30,1,9,801150.13,5,4,5,545,Champions,High Value
CUST-0339,2025-12-21,10,7,218105.16,5,3,2,532,Loyal Customers,Low Value
CUST-0340,2025-12-09,22,5,400190.31,4,2,3,423,New Customers,Medium Value
CUST-0341,2025-10-01,91,3,79974.24,1,1,1,111,Lost Customers,Low Value
CUST-0342,2025-10-04,88,8,511893.6,1,4,4,144,At Risk,High Value
CUST-0343,2025-12-10,21,6,182561.35,4,2,2,422,New Customers,Low Value
CUST-0344,2025-12-27,4,7,462636.51,5,3,4,534,Loyal Customers,Medium Value
CUST-0345,2025-12-18,13,4,531209.12,4,1,4,414,New Customers,High Value
CUST-0346,2025-12-24,7,4,113531.32,5,1,1,511,New Customers,Low Value
CUST-0347,2025-10-30,62,11,349170.76,2,5,3,253,At Risk,Medium Value
CUST-0348,2025-11-03,58,6,236548.66999999998,2,2,2,222,Lost Customers,Low Value
CUST-0349,2025-12-27,4,4,211106.15,5,1,2,512,New Customers,Low Value
CUST-0350,2025-08-30,123,5,57630.06,1,2,1,121,Lost Customers,Low Value
CUST-0351,2025-12-09,22,6,135143.4,4,2,1,421,New Customers,Low Value
CUST-0352,2025-10-12,80,7,256792.59,2,3,2,232,At Risk,Medium Value
CUST-0353,2025-11-19,42,6,370479.83999999997,3,2,3,323,Potential Customers,Medium Value
CUST-0354,2025-12-08,23,7,467055.01999999996,4,3,4,434,Loyal Customers,Medium Value
CUST-0355,2025-10-04,88,6,457271.49,1,2,4,124,Lost Customers,Medium Value
CUST-0356,2025-12-02,29,10,1011977.0,3,5,5,355,Loyal Customers,High Value
CUST-0357,2025-11-03,58,6,305788.16000000003,2,2,3,223,Lost Customers,Medium Value
CUST-0358,2025-08-23,130,4,49288.53,1,1,1,111,Lost Customers,Low Value
CUST-0359,2025-10-28,64,7,612955.72,2,3,4,234,At Risk,High Value
CUST-0360,2025-11-26,35,9,438834.55,3,4,4,344,Loyal Customers,Medium Value
CUST-0361,2025-10-20,72,3,33247.59,2,1,1,211,Lost Customers,Low Value
CUST-0362,2025-12-21,10,8,218348.47,5,4,2,542,Loyal Customers,Low Value
CUST-0363,2025-11-23,38,4,70762.69,3,1,1,311,Potential Customers,Low Value
CUST-0364,2025-12-06,25,7,609848.0,4,3,4,434,Loyal Customers,High Value
CUST-0365,2025-12-22,9,6,886145.21,5,2,5,525,New Customers,High Value
CUST-0366,2025-12-23,8,8,373913.67000000004,5,4,3,543,Loyal Customers,Medium Value
CUST-0367,2025-12-08,23,4,159144.32,4,1,1,411,New Customers,Low Value
CUST-0368,2025-11-19,42,11,331781.57,3,5,3,353,Loyal Customers,Medium Value
CUST-0369,2025-10-02,90,3,188500.84000000003,1,1,2,112,Lost Customers,Low Value
CUST-0370,2025-12-25,6,2,18732.760000000002,5,1,1,511,New Customers,Low Value
CUST-0371,2025-12-11,20,11,909679.54,4,5,5,455,Champions,High Value
CUST-0372,2025-11-23,38,6,725120.64,3,2,5,325,Potential Customers,High Value
CUST-0373,2025-11-17,44,2,109877.95999999999,3,1,1,311,Potential Customers,Low Value
CUST-0374,2025-11-22,39,7,591117.79,3,3,4,334,Loyal Customers,High Value
CUST-0375,2025-12-19,12,11,928007.2400000001,4,5,5,455,Champions,High Value
CUST-0376,2025-12-28,3,7,415616.22000000003,5,3,3,533,Loyal Customers,Medium Value
CUST-0377,2025-11-13,48,8,157705.46,3,4,1,341,Loyal Customers,Low Value
CUST-0378,2025-09-11,111,5,122982.96,1,2,1,121,Lost Customers,Low Value
CUST-0379,2025-12-27,4,5,297373.74,5,2,3,523,New Customers,Medium Value
CUST-0380,2025-11-06,55,6,397335.72,2,2,3,223,Lost Customers,Medium Value
CUST-0381,2025-06-09,205,4,540238.98,1,1,4,114,Lost Customers,High Value
CUST-0382,2025-12-25,6,6,351003.77999999997,5,2,3,523,New Customers,Medium Value
CUST-0383,2025-12-07,24,8,503506.25,4,4,4,444,Champions,High Value
CUST-0384,2025-12-24,7,10,1002192.2,5,5,5,555,Champions,High Value
CUST-0385,2025-12-13,18,7,195165.45,4,3,2,432,Loyal Customers,Low Value
CUST-0386,2025-09-11,111,5,34157.03,1,2,1,121,Lost Customers,Low Value
CUST-0387,2025-12-18,13,4,36940.36,4,1,1,411,New Customers,Low Value
CUST-0388,2025-12-19,12,6,296460.57,4,2,3,423,New Customers,Medium Value
CUST-0389,2025-12-05,26,11,943519.05,4,5,5,455,Champions,High Value
CUST-0390,2025-12-07,24,6,93889.22,4,2,1,421,New Customers,Low Value
CUST-0391,2025-12-23,8,11,846963.42,5,5,5,555,Champions,High Value
CUST-0392,2025-12-16,15,9,413926.37,4,4,3,443,Loyal Customers,Medium Value
CUST-0393,2025-12-18,13,5,361072.2,4,2,3,423,New Customers,Medium Value
CUST-0394,2025-10-19,73,7,499922.06,2,3,4,234,At Risk,High Value
CUST-0395,2025-12-29,2,5,325481.15,5,2,3,523,New Customers,Medium Value
CUST-0396,2025-10-31,61,5,94711.66,2,2,1,221,Lost Customers,Low Value
CUST-0397,2025-12-28,3,9,818515.89,5,4,5,545,Champions,High Value
CUST-0398,2025-11-09,52,5,467082.39,2,2,4,224,Lost Customers,Medium Value
CUST-0399,2025-12-18,13,6,801828.74,4,2,5,425,New Customers,High Value
CUST-0400,2025-11-25,36,5,227515.97,3,2,2,322,Potential Customers,Low Value
CUST-0401,2025-12-03,28,13,391527.11,3,5,3,353,Loyal Customers,Medium Value
CUST-0402,2025-12-12,19,11,760151.4400000001,4,5,5,455,Champions,High Value
CUST-0403,2025-10-22,70,7,288012.44,2,3,3,233,At Risk,Medium Value
CUST-0404,2025-11-17,44,6,614412.02,3,2,4,324,Potential Customers,High Value
CUST-0405,2025-11-18,43,5,716070.2,3,2,5,325,Potential Customers,High Value
CUST-0406,2025-08-07,146,3,59763.39,1,1,1,111,Lost Customers,Low Value
CUST-0407,2025-11-02,59,11,129915.21999999999,2,5,1,251,At Risk,Low Value
CUST-0408,2025-08-28,125,5,178548.09,1,2,2,122,Lost Customers,Low Value
CUST-0409,2025-12-04,27,6,1121601.9100000001,3,2,5,325,Potential Customers,High Value
CUST-0410,2025-10-30,62,6,84637.17,2,2,1,221,Lost Customers,Low Value
CUST-0411,2025-10-23,69,9,387598.39,2,4,3,243,At Risk,Medium Value
CUST-0412,2025-12-31,0,10,300756.29,5,5,3,553,Loyal Customers,Medium Value
CUST-0413,2025-11-26,35,7,988838.4199999999,3,3,5,335,Loyal Customers,High Value
CUST-0414,2025-12-02,29,7,579136.04,3,3,4,334,Loyal Customers,High Value
CUST-0415,2025-10-14,78,8,479285.56,2,4,4,244,At Risk,Medium Value
CUST-0416,2025-12-12,19,6,327422.23,4,2,3,423,New Customers,Medium Value
CUST-0417,2025-08-24,129,3,38834.69,1,1,1,111,Lost Customers,Low Value
CUST-0418,2025-12-27,4,5,657206.87,5,2,5,525,New Customers,High Value
CUST-0419,2025-11-04,57,5,336730.74,2,2,3,223,Lost Customers,Medium Value
CUST-0420,2025-11-25,36,4,212600.41,3,1,2,312,Potential Customers,Low Value
CUST-0421,2025-12-14,17,14,1082504.73,4,5,5,455,Champions,High Value
CUST-0422,2025-12-17,14,8,344986.28,4,4,3,443,Loyal Customers,Medium Value
CUST-0423,2025-09-24,98,6,213288.63999999998,1,2,2,122,Lost Customers,Low Value
CUST-0424,2025-08-20,133,3,81416.87000000001,1,1,1,111,Lost Customers,Low Value
CUST-0425,2025-08-19,134,6,211286.74,1,2,2,122,Lost Customers,Low Value
CUST-0426,2025-12-28,3,8,459743.39,5,4,4,544,Champions,Medium Value
CUST-0427,2025-12-10,21,13,480826.65,4,5,4,454,Champions,Medium Value
CUST-0428,2025-05-29,216,5,275141.11,1,2,2,122,Lost Customers,Medium Value
CUST-0429,2025-12-08,23,5,65947.52,4,2,1,421,New Customers,Low Value
CUST-0430,2025-05-07,238,5,76979.64,1,2,1,121,Lost Customers,Low Value
CUST-0431,2025-10-09,83,6,694342.8200000001,2,2,5,225,Lost Customers,High Value
CUST-0432,2025-09-22,100,6,145096.01,1,2,1,121,Lost Customers,Low Value
CUST-0433,2025-12-24,7,7,120737.98,5,3,1,531,Loyal Customers,Low Value
CUST-0434,2025-08-27,126,8,313310.0,1,4,3,143,At Risk,Medium Value
CUST-0435,2025-12-26,5,7,599106.45,5,3,4,534,Loyal Customers,High Value
CUST-0436,2025-07-12,172,2,136432.63,1,1,1,111,Lost Customers,Low Value
CUST-0437,2025-11-23,38,8,582236.44,3,4,4,344,Loyal Customers,High Value
CUST-0438,2025-10-21,71,6,111905.66,2,2,1,221,Lost Customers,Low Value
CUST-0439,2025-09-12,110,7,532583.6699999999,1,3,4,134,At Risk,High Value
CUST-0440,2025-11-25,36,11,670554.94,3,5,5,355,Loyal Customers,High Value
CUST-0441,2025-12-05,26,10,444625.27999999997,4,5,4,454,Champions,Medium Value
CUST-0442,2025-11-22,39,10,660295.47,3,5,5,355,Loyal Customers,High Value
CUST-0443,2025-11-22,39,9,214699.67,3,4,2,342,Loyal Customers,Low Value
CUST-0444,2025-11-27,34,5,259155.91,3,2,2,322,Potential Customers,Medium Value
CUST-0445,2025-06-03,211,5,559338.8099999999,1,2,4,124,Lost Customers,High Value
CUST-0446,2025-08-19,134,6,439695.93,1,2,4,124,Lost Customers,Medium Value
CUST-0447,2025-12-28,3,6,110005.56,5,2,1,521,New Customers,Low Value
CUST-0448,2025-10-21,71,11,1227064.63,2,5,5,255,At Risk,High Value
CUST-0449,2025-12-29,2,10,409611.49,5,5,3,553,Loyal Customers,Medium Value
CUST-0450,2025-12-13,18,11,775804.16,4,5,5,455,Champions,High Value
CUST-0451,2025-12-31,0,5,312251.96,5,2,3,523,New Customers,Medium Value
CUST-0452,2025-11-09,52,3,392756.43,2,1,3,213,Lost Customers,Medium Value
CUST-0453,2025-09-16,106,5,278545.12,1,2,2,122,Lost Customers,Medium Value
CUST-0454,2025-10-07,85,6,108001.18,2,2,1,221,Lost Customers,Low Value
CUST-0455,2025-11-25,36,9,767766.81,3,4,5,345,Loyal Customers,High Value
CUST-0456,2025-12-24,7,5,858967.84,5,2,5,525,New Customers,High Value
CUST-0457,2025-12-20,11,6,296606.42,5,2,3,523,New Customers,Medium Value
CUST-0458,2025-12-03,28,6,217317.16,3,2,2,322,Potential Customers,Low Value
CUST-0459,2025-12-28,3,5,246711.45,5,2,2,522,New Customers,Medium Value
CUST-0460,2025-10-01,91,5,100909.59,1,2,1,121,Lost Customers,Low Value
CUST-0461,2025-12-03,28,9,1164793.52,3,4,5,345,Loyal Customers,High Value
CUST-0462,2025-11-15,46,7,348239.86,3,3,3,333,Loyal Customers,Medium Value
CUST-0463,2025-11-27,34,11,918315.98,3,5,5,355,Loyal Customers,High Value
CUST-0464,2025-11-13,48,4,302217.07,3,1,3,313,Potential Customers,Medium Value
CUST-0465,2025-11-26,35,7,266793.97,3,3,2,332,Loyal Customers,Medium Value
CUST-0466,2025-12-22,9,5,194909.9,5,2,2,522,New Customers,Low Value
CUST-0467,2025-12-06,25,9,478284.89,4,4,4,444,Champions,Medium Value
CUST-0468,2025-12-18,13,8,365025.54000000004,4,4,3,443,Loyal Customers,Medium Value
CUST-0469,2025-10-30,62,5,416404.0,2,2,3,223,Lost Customers,Medium Value
CUST-0470,2025-11-28,33,1,2721.0,3,1,1,311,Potential Customers,Low Value
CUST-0471,2025-12-18,13,5,134713.0,4,2,1,421,New Customers,Low Value
CUST-0472,2025-12-02,29,6,209074.64,3,3,2,332,Loyal Customers,Low Value
CUST-0473,2025-12-12,19,5,335125.33999999997,4,2,3,423,New Customers,Medium Value
CUST-0474,2025-12-19,12,4,320952.16000000003,4,1,3,413,New Customers,Medium Value
CUST-0475,2025-10-21,71,10,414386.46,2,5,3,253,At Risk,Medium Value
CUST-0476,2025-12-04,27,11,561118.0,3,5,4,354,Loyal Customers,High Value
CUST-0477,2025-10-17,75,5,492930.16000000003,2,2,4,224,Lost Customers,High Value
CUST-0478,2025-09-27,95,8,345060.86,1,4,3,143,At Risk,Medium Value
CUST-0479,2025-11-29,32,6,335932.02999999997,3,3,3,333,Loyal Customers,Medium Value
CUST-0480,2025-12-28,3,12,550590.72,5,5,4,554,Champions,High Value
CUST-0481,2025-12-07,24,5,375884.49,4,2,3,423,New Customers,Medium Value
CUST-0482,2025-11-29,32,5,91704.31,3,2,1,321,Potential Customers,Low Value
CUST-0483,2025-12-22,9,14,1041261.99,5,5,5,555,Champions,High Value
CUST-0484,2025-11-24,37,7,233489.52,3,3,2,332,Loyal Customers,Low Value
CUST-0485,2025-12-12,19,6,60985.33,4,3,1,431,Loyal Customers,Low Value
CUST-0486,2025-09-27,95,6,271631.91,1,3,2,132,At Risk,Medium Value
CUST-0487,2025-09-11,111,3,283443.04,1,1,2,112,Lost Customers,Medium Value
CUST-0488,2025-12-21,10,6,578035.9099999999,5,3,4,534,Loyal Customers,High Value
CUST-0489,2025-11-12,49,4,86111.79999999999,2,1,1,211,Lost Customers,Low Value
CUST-0490,2025-12-03,28,7,891829.46,3,3,5,335,Loyal Customers,High Value
CUST-0491,2025-12-20,11,9,511603.31,5,4,4,544,Champions,High Value
CUST-0492,2025-11-19,42,6,57404.65,3,3,1,331,Loyal Customers,Low Value
CUST-0493,2025-12-25,6,7,977006.71,5,3,5,535,Loyal Customers,High Value
CUST-0494,2025-11-03,58,4,129945.45000000001,2,1,1,211,Lost Customers,Low Value
CUST-0495,2025-12-04,27,8,328321.65,3,4,3,343,Loyal Customers,Medium Value
CUST-0496,2025-06-09,205,4,323363.88,1,1,3,113,Lost Customers,Medium Value
CUST-0497,2025-12-14,17,8,388031.88,4,4,3,443,Loyal Customers,Medium Value
CUST-0498,2025-11-02,59,5,572821.7,2,2,4,224,Lost Customers,High Value
CUST-0499,2025-12-03,28,9,537463.3099999999,3,4,4,344,Loyal Customers,High Value
CUST-0500,2025-12-08,23,9,675312.4,4,4,5,445,Champions,High Value
CUST-0501,2025-10-17,75,10,647260.53,2,5,5,255,At Risk,High Value
CUST-0502,2025-12-29,2,11,1018792.4199999999,5,5,5,555,Champions,High Value
CUST-0503,2025-12-02,29,3,301646.73,3,1,3,313,Potential Customers,Medium Value
CUST-0504,2025-12-22,9,6,535083.85,5,3,4,534,Loyal Customers,High Value
CUST-0505,2025-12-04,27,6,80641.83,3,3,1,331,Loyal Customers,Low Value
CUST-0506,2025-11-22,39,4,76227.43000000001,3,1,1,311,Potential Customers,Low Value
CUST-0507,2025-10-31,61,3,437496.36,2,1,4,214,Lost Customers,Medium Value
CUST-0508,2025-11-05,56,5,186835.36,2,2,2,222,Lost Customers,Low Value
CUST-0509,2025-11-28,33,11,966115.71,3,5,5,355,Loyal Customers,High Value
CUST-0510,2025-12-17,14,9,546343.49,4,4,4,444,Champions,High Value
CUST-0511,2025-10-29,63,11,382099.02,2,5,3,253,At Risk,Medium Value
CUST-0512,2025-12-27,4,6,106851.40000000001,5,3,1,531,Loyal Customers,Low Value
CUST-0513,2025-12-02,29,9,847408.01,3,4,5,345,Loyal Customers,High Value
CUST-0514,2025-08-29,124,4,504173.42,1,1,4,114,Lost Customers,High Value
CUST-0515,2025-12-15,16,11,484137.14,4,5,4,454,Champions,Medium Value
CUST-0516,2025-12-01,30,11,725094.19,3,5,5,355,Loyal Customers,High Value
CUST-0517,2025-12-27,4,6,359911.04,5,3,3,533,Loyal Customers,Medium Value
CUST-0518,2025-11-17,44,10,498270.72,3,5,4,354,Loyal Customers,High Value
CUST-0519,2025-11-05,56,4,147309.07,2,1,1,211,Lost Customers,Low Value
CUST-0520,2025-12-22,9,5,391099.22000000003,5,2,3,523,New Customers,Medium Value
CUST-0521,2025-12-12,19,7,519403.29000000004,4,3,4,434,Loyal Customers,High Value
CUST-0522,2025-12-02,29,4,131087.64,3,1,1,311,Potential Customers,Low Value
CUST-0523,2025-12-31,0,8,480992.54000000004,5,4,4,544,Champions,Medium Value
CUST-0524,2025-10-31,61,6,332001.88,2,3,3,233,At Risk,Medium Value
CUST-0525,2025-12-17,14,9,312612.17,4,4,3,443,Loyal Customers,Medium Value
CUST-0526,2025-12-17,14,13,1053025.54,4,5,5,455,Champions,High Value
CUST-0527,2025-04-24,251,2,77515.1,1,1,1,111,Lost Customers,Low Value
CUST-0528,2025-08-18,135,4,346498.95,1,1,3,113,Lost Customers,Medium Value
CUST-0529,2025-12-26,5,8,261363.26,5,4,2,542,Loyal Customers,Medium Value
CUST-0530,2025-10-18,74,4,247458.61,2,1,2,212,Lost Customers,Medium Value
CUST-0531,2025-08-17,136,3,222671.75,1,1,2,112,Lost Customers,Low Value
CUST-0532,2025-12-28,3,8,263610.94,5,4,2,542,Loyal Customers,Medium Value
CUST-0533,2025-12-13,18,6,242775.01,4,3,2,432,Loyal Customers,Low Value
CUST-0534,2025-12-23,8,6,251947.09000000003,5,3,2,532,Loyal Customers,Medium Value
CUST-0535,2025-11-25,36,7,219486.84,3,3,2,332,Loyal Customers,Low Value
CUST-0536,2025-12-14,17,9,589338.33,4,4,4,444,Champions,High Value
CUST-0537,2025-10-24,68,10,667288.53,2,5,5,255,At Risk,High Value
CUST-0538,2025-12-29,2,8,226638.25,5,4,2,542,Loyal Customers,Low Value
CUST-0539,2025-12-11,20,9,226031.91,4,4,2,442,Loyal Customers,Low Value
CUST-0540,2025-12-16,15,10,715570.3099999999,4,5,5,455,Champions,High Value
CUST-0541,2025-08-04,149,7,510590.41000000003,1,3,4,134,At Risk,High Value
CUST-0542,2025-11-17,44,6,94483.91,3,3,1,331,Loyal Customers,Low Value
CUST-0543,2025-12-20,11,6,93240.48,5,3,1,531,Loyal Customers,Low Value
CUST-0544,2025-12-04,27,10,664115.5800000001,3,5,5,355,Loyal Customers,High Value
CUST-0545,2025-10-27,65,6,66000.31999999999,2,3,1,231,At Risk,Low Value
CUST-0546,2025-11-26,35,6,727554.26,3,3,5,335,Loyal Customers,High Value
CUST-0547,2025-12-14,17,10,391384.51999999996,4,5,3,453,Loyal Customers,Medium Value
CUST-0548,2025-12-22,9,7,361678.41,5,3,3,533,Loyal Customers,Medium Value
CUST-0549,2025-12-19,12,5,319722.48000000004,4,2,3,423,New Customers,Medium Value
CUST-0550,2025-10-12,80,6,128545.47,2,3,1,231,At Risk,Low Value
CUST-0551,2025-12-11,20,5,366889.89,4,2,3,423,New Customers,Medium Value
CUST-0552,2025-12-15,16,10,437856.17,4,5,4,454,Champions,Medium Value
CUST-0553,2025-12-08,23,9,831732.26,4,4,5,445,Champions,High Value
CUST-0554,2025-09-29,93,4,37483.59,1,1,1,111,Lost Customers,Low Value
CUST-0555,2025-12-31,0,6,459536.28,5,3,4,534,Loyal Customers,Medium Value
CUST-0556,2025-10-10,82,10,489081.83999999997,2,5,4,254,At Risk,High Value
CUST-0557,2025-11-19,42,6,218761.98,3,3,2,332,Loyal Customers,Low Value
CUST-0558,2025-09-02,120,6,296295.59,1,3,3,133,At Risk,Medium Value
CUST-0559,2025-11-17,44,3,20791.02,3,1,1,311,Potential Customers,Low Value
CUST-0560,2025-11-15,46,8,236156.94,3,4,2,342,Loyal Customers,Low Value
CUST-0561,2025-11-03,58,6,480814.26,2,3,4,234,At Risk,Medium Value
CUST-0562,2025-12-26,5,5,127827.22,5,2,1,521,New Customers,Low Value
CUST-0563,2025-09-29,93,5,417512.02,1,2,3,123,Lost Customers,Medium Value
CUST-0564,2025-08-19,134,4,218098.51,1,1,2,112,Lost Customers,Low Value
CUST-0565,2025-12-26,5,7,726359.53,5,3,5,535,Loyal Customers,High Value
CUST-0566,2025-11-18,43,10,300247.52,3,5,3,353,Loyal Customers,Medium Value
CUST-0567,2025-12-31,0,2,20794.53,5,1,1,511,New Customers,Low Value
CUST-0568,2025-11-22,39,7,426840.28,3,3,4,334,Loyal Customers,Medium Value
CUST-0569,2025-09-11,111,8,229441.58,1,4,2,142,At Risk,Low Value
CUST-0570,2025-12-26,5,7,219292.31,5,3,2,532,Loyal Customers,Low Value
CUST-0571,2025-10-25,67,5,231313.61,2,2,2,222,Lost Customers,Low Value
CUST-0572,2025-11-01,60,4,180002.75999999998,2,1,2,212,Lost Customers,Low Value
CUST-0573,2025-10-07,85,6,185910.55,2,3,2,232,At Risk,Low Value
CUST-0574,2025-12-10,21,7,580932.29,4,3,4,434,Loyal Customers,High Value
CUST-0575,2025-10-17,75,7,339869.96,2,3,3,233,At Risk,Medium Value
CUST-0576,2025-10-01,91,7,406782.04,1,3,3,133,At Risk,Medium Value
CUST-0577,2025-12-31,0,7,552000.88,5,3,4,534,Loyal Customers,High Value
CUST-0578,2025-12-27,4,11,1090392.5999999999,5,5,5,555,Champions,High Value
CUST-0579,2025-07-14,170,3,322337.16000000003,1,1,3,113,Lost Customers,Medium Value
CUST-0580,2025-09-13,109,5,165709.44,1,2,2,122,Lost Customers,Low Value
CUST-0581,2025-09-15,107,8,240462.06,1,4,2,142,At Risk,Low Value
CUST-0582,2025-08-31,122,10,260149.73,1,5,2,152,At Risk,Medium Value
CUST-0583,2025-12-24,7,6,783299.3800000001,5,3,5,535,Loyal Customers,High Value
CUST-0584,2025-11-21,40,4,59649.96,3,1,1,311,Potential Customers,Low Value
CUST-0585,2025-08-13,140,7,321326.35000000003,1,3,3,133,At Risk,Medium Value
CUST-0586,2025-09-28,94,6,306052.1,1,3,3,133,At Risk,Medium Value
CUST-0587,2025-12-04,27,4,237704.03999999998,3,1,2,312,Potential Customers,Low Value
CUST-0588,2025-12-08,23,9,610351.97,4,4,4,444,Champions,High Value
CUST-0589,2025-12-12,19,7,212504.63999999998,4,3,2,432,Loyal Customers,Low Value
CUST-0590,2025-12-24,7,9,689519.66,5,4,5,545,Champions,High Value
CUST-0591,2025-12-10,21,10,663975.1699999999,4,5,5,455,Champions,High Value
CUST-0592,2025-12-05,26,8,255473.94,4,4,2,442,Loyal Customers,Medium Value
CUST-0593,2025-11-01,60,10,320079.45,2,5,3,253,At Risk,Medium Value
CUST-0594,2025-12-14,17,5,188006.19,4,2,2,422,New Customers,Low Value
CUST-0595,2025-11-30,31,4,76640.85,3,1,1,311,Potential Customers,Low Value
CUST-0596,2025-12-28,3,6,867098.53,5,3,5,535,Loyal Customers,High Value
CUST-0597,2025-11-01,60,9,149923.81,2,4,1,241,At Risk,Low Value
CUST-0598,2025-12-25,6,8,166991.37,5,4,2,542,Loyal Customers,Low Value
CUST-0599,2025-11-07,54,8,451809.21,2,4,4,244,At Risk,Medium Value
CUST-0600,2025-10-12,80,3,126363.76,2,1,1,211,Lost Customers,Low Value
CUST-0601,2025-10-23,69,6,158153.4,2,3,1,231,At Risk,Low Value
CUST-0602,2025-12-30,1,7,134577.42,5,3,1,531,Loyal Customers,Low Value
CUST-0603,2025-11-29,32,6,488190.29000000004,3,3,4,334,Loyal Customers,High Value
CUST-0604,2025-11-12,49,5,229027.86,2,2,2,222,Lost Customers,Low Value
CUST-0605,2025-11-19,42,12,416071.77,3,5,3,353,Loyal Customers,Medium Value
CUST-0606,2025-07-06,178,5,208053.44,1,2,2,122,Lost Customers,Low Value
CUST-0607,2025-12-26,5,8,637242.95,5,4,5,545,Champions,High Value
CUST-0608,2025-11-28,33,8,325199.5,3,4,3,343,Loyal Customers,Medium Value
CUST-0609,2025-12-03,28,5,204906.24000000002,3,2,2,322,Potential Customers,Low Value
CUST-0610,2025-11-01,60,5,510432.94,2,2,4,224,Lost Customers,High Value
CUST-0611,2025-06-16,198,6,589290.55,1,3,4,134,At Risk,High Value
CUST-0612,2025-11-16,45,6,876245.54,3,3,5,335,Loyal Customers,High Value
CUST-0613,2025-12-24,7,3,62763.54,5,1,1,511,New Customers,Low Value
CUST-0614,2025-12-05,26,5,351324.09,4,2,3,423,New Customers,Medium Value
CUST-0615,2025-06-18,196,4,365966.97,1,1,3,113,Lost Customers,Medium Value
CUST-0616,2025-12-05,26,7,166455.58000000002,4,3,2,432,Loyal Customers,Low Value
CUST-0617,2025-10-03,89,8,796210.79,1,4,5,145,At Risk,High Value
CUST-0618,2025-12-24,7,12,603973.59,5,5,4,554,Champions,High Value
CUST-0619,2025-07-07,177,4,294835.64,1,1,3,113,Lost Customers,Medium Value
CUST-0620,2025-11-21,40,9,436026.02,3,4,4,344,Loyal Customers,Medium Value
CUST-0621,2025-12-02,29,12,477070.64,3,5,4,354,Loyal Customers,Medium Value
CUST-0622,2025-10-26,66,5,526074.14,2,2,4,224,Lost Customers,High Value
CUST-0623,2025-12-08,23,7,844986.16,4,3,5,435,Loyal Customers,High Value
CUST-0624,2025-11-23,38,8,1047925.98,3,4,5,345,Loyal Customers,High Value
CUST-0625,2025-11-07,54,5,233186.99,2,2,2,222,Lost Customers,Low Value
CUST-0626,2025-11-17,44,5,89934.26000000001,3,2,1,321,Potential Customers,Low Value
CUST-0627,2025-12-21,10,5,123810.68,5,2,1,521,New Customers,Low Value
CUST-0628,2025-12-20,11,5,527601.26,5,2,4,524,New Customers,High Value
CUST-0629,2025-12-10,21,9,1004857.73,4,4,5,445,Champions,High Value
CUST-0630,2025-10-01,91,7,593155.63,1,3,4,134,At Risk,High Value
CUST-0631,2025-10-26,66,5,443830.51,2,2,4,224,Lost Customers,Medium Value
CUST-0632,2025-12-20,11,12,746651.0,5,5,5,555,Champions,High Value
CUST-0633,2025-11-05,56,5,371122.63,2,2,3,223,Lost Customers,Medium Value
CUST-0634,2025-11-16,45,11,338190.8,3,5,3,353,Loyal Customers,Medium Value
CUST-0635,2025-11-26,35,7,609298.4299999999,3,3,4,334,Loyal Customers,High Value
CUST-0636,2025-10-23,69,6,346885.39,2,3,3,233,At Risk,Medium Value
CUST-0637,2025-12-06,25,10,855192.8300000001,4,5,5,455,Champions,High Value
CUST-0638,2025-10-07,85,5,167089.85,2,2,2,222,Lost Customers,Low Value
CUST-0639,2025-12-23,8,13,532593.23,5,5,4,554,Champions,High Value
CUST-0640,2025-11-09,52,5,568488.77,2,2,4,224,Lost Customers,High Value
CUST-0641,2025-10-21,71,6,1174421.8499999999,2,3,5,235,At Risk,High Value
CUST-0642,2025-11-06,55,9,520842.05,2,4,4,244,At Risk,High Value
CUST-0643,2025-12-07,24,9,327211.14999999997,4,5,3,453,Loyal Customers,Medium Value
CUST-0644,2025-09-03,119,6,249382.43999999997,1,3,2,132,At Risk,Medium Value
CUST-0645,2025-11-12,49,9,426649.51,2,5,3,253,At Risk,Medium Value
CUST-0646,2025-10-07,85,2,19977.910000000003,2,1,1,211,Lost Customers,Low Value
CUST-0647,2025-12-07,24,5,245360.83999999997,4,2,2,422,New Customers,Medium Value
CUST-0648,2025-11-27,34,5,793874.88,3,2,5,325,Potential Customers,High Value
CUST-0649,2025-11-14,47,7,335471.57,3,3,3,333,Loyal Customers,Medium Value
CUST-0650,2025-11-28,33,4,88308.94,3,1,1,311,Potential Customers,Low Value
CUST-0651,2025-11-29,32,7,411406.01,3,3,3,333,Loyal Customers,Medium Value
CUST-0652,2025-12-31,0,9,356749.93,5,5,3,553,Loyal Customers,Medium Value
CUST-0653,2025-12-14,17,10,366786.24,4,5,3,453,Loyal Customers,Medium Value
CUST-0654,2025-10-26,66,4,304225.88,2,1,3,213,Lost Customers,Medium Value
CUST-0655,2025-09-22,100,5,276890.17,1,2,2,122,Lost Customers,Medium Value
CUST-0656,2025-12-29,2,11,545700.34,5,5,4,554,Champions,High Value
CUST-0657,2025-12-29,2,11,458200.6,5,5,4,554,Champions,Medium Value
CUST-0658,2025-12-24,7,8,425635.72000000003,5,4,3,543,Loyal Customers,Medium Value
CUST-0659,2025-12-18,13,7,1058578.76,4,3,5,435,Loyal Customers,High Value
CUST-0660,2025-12-19,12,10,694533.65,4,5,5,455,Champions,High Value
CUST-0661,2025-12-15,16,10,196609.59,4,5,2,452,Loyal Customers,Low Value
CUST-0662,2025-11-15,46,4,224598.83000000002,3,1,2,312,Potential Customers,Low Value
CUST-0663,2025-10-04,88,5,245079.8,1,2,2,122,Lost Customers,Low Value
CUST-0664,2025-07-17,167,4,244586.98,1,1,2,112,Lost Customers,Low Value
CUST-0665,2025-12-09,22,6,272216.68,4,3,2,432,Loyal Customers,Medium Value
CUST-0666,2025-07-27,157,5,239092.43,1,2,2,122,Lost Customers,Low Value
CUST-0667,2025-08-28,125,4,78334.34,1,1,1,111,Lost Customers,Low Value
CUST-0668,2025-12-11,20,7,870667.49,4,3,5,435,Loyal Customers,High Value
CUST-0669,2025-12-18,13,6,206045.86,4,3,2,432,Loyal Customers,Low Value
CUST-0670,2025-10-05,87,5,178175.04,1,2,2,122,Lost Customers,Low Value
CUST-0671,2025-11-17,44,8,809436.86,3,4,5,345,Loyal Customers,High Value
CUST-0672,2025-11-03,58,4,588765.15,2,1,4,214,Lost Customers,High Value
CUST-0673,2025-10-31,61,8,230719.55000000002,2,4,2,242,At Risk,Low Value
CUST-0674,2025-09-02,120,12,625427.8,1,5,5,155,At Risk,High Value
CUST-0675,2025-08-26,127,5,458173.91,1,2,4,124,Lost Customers,Medium Value
CUST-0676,2025-12-08,23,4,51251.3,4,1,1,411,New Customers,Low Value
CUST-0677,2025-10-26,66,10,666033.24,2,5,5,255,At Risk,High Value
CUST-0678,2025-12-31,0,7,373849.38,5,3,3,533,Loyal Customers,Medium Value
CUST-0679,2025-12-11,20,9,352669.84,4,5,3,453,Loyal Customers,Medium Value
CUST-0680,2025-12-17,14,8,225718.01,4,4,2,442,Loyal Customers,Low Value
CUST-0681,2025-08-28,125,4,60622.21,1,1,1,111,Lost Customers,Low Value
CUST-0682,2025-12-25,6,8,439149.39,5,4,4,544,Champions,Medium Value
CUST-0683,2025-12-05,26,10,1298623.04,4,5,5,455,Champions,High Value
CUST-0684,2025-11-22,39,10,735590.83,3,5,5,355,Loyal Customers,High Value
CUST-0685,2025-11-13,48,7,478443.52999999997,3,3,4,334,Loyal Customers,Medium Value
CUST-0686,2025-12-19,12,5,638221.39,4,2,5,425,New Customers,High Value
CUST-0687,2025-10-18,74,7,337067.50999999995,2,3,3,233,At Risk,Medium Value
CUST-0688,2025-10-14,78,6,354637.19,2,3,3,233,At Risk,Medium Value
CUST-0689,2025-11-27,34,6,108154.3,3,3,1,331,Loyal Customers,Low Value
CUST-0690,2025-10-23,69,3,232892.75,2,1,2,212,Lost Customers,Low Value
CUST-0691,2025-11-22,39,7,521249.9,3,3,4,334,Loyal Customers,High Value
CUST-0692,2025-12-24,7,7,347561.75,5,3,3,533,Loyal Customers,Medium Value
CUST-0693,2025-12-31,0,9,346402.89,5,5,3,553,Loyal Customers,Medium Value
CUST-0694,2025-12-27,4,7,415263.48,5,3,3,533,Loyal Customers,Medium Value
CUST-0695,2025-10-14,78,7,288204.57,2,3,3,233,At Risk,Medium Value
CUST-0696,2025-09-30,92,10,365068.81,1,5,3,153,At Risk,Medium Value
CUST-0697,2025-10-04,88,5,305897.55,1,2,3,123,Lost Customers,Medium Value
CUST-0698,2025-12-25,6,9,269725.74,5,5,2,552,Loyal Customers,Medium Value
CUST-0699,2025-10-27,65,3,75007.66,2,1,1,211,Lost Customers,Low Value
CUST-0700,2025-10-26,66,5,202191.46000000002,2,2,2,222,Lost Customers,Low Value
CUST-0701,2025-07-02,182,3,529529.91,1,1,4,114,Lost Customers,High Value
CUST-0702,2025-11-08,53,3,150655.87,2,1,1,211,Lost Customers,Low Value
CUST-0703,2025-12-31,0,7,159354.12,5,3,1,531,Loyal Customers,Low Value
CUST-0704,2025-11-30,31,6,415516.06999999995,3,3,3,333,Loyal Customers,Medium Value
CUST-0705,2025-12-23,8,7,634424.09,5,3,5,535,Loyal Customers,High Value
CUST-0706,2025-12-28,3,3,586107.51,5,1,4,514,New Customers,High Value
CUST-0707,2025-08-06,147,3,146543.86,1,1,1,111,Lost Customers,Low Value
CUST-0708,2025-12-19,12,10,333131.47000000003,4,5,3,453,Loyal Customers,Medium Value
CUST-0709,2025-12-03,28,8,757719.98,3,4,5,345,Loyal Customers,High Value
CUST-0710,2025-10-15,77,7,877894.87,2,3,5,235,At Risk,High Value
CUST-0711,2025-12-23,8,6,863788.45,5,3,5,535,Loyal Customers,High Value
CUST-0712,2025-07-27,157,5,314867.02999999997,1,2,3,123,Lost Customers,Medium Value
CUST-0713,2025-12-01,30,9,1089694.72,3,5,5,355,Loyal Customers,High Value
CUST-0714,2025-12-04,27,11,757285.6900000001,3,5,5,355,Loyal Customers,High Value
CUST-0715,2025-10-27,65,8,78542.70000000001,2,4,1,241,At Risk,Low Value
CUST-0716,2025-09-14,108,9,238977.75,1,5,2,152,At Risk,Low Value
CUST-0717,2025-08-27,126,9,289120.52999999997,1,5,3,153,At Risk,Medium Value
CUST-0718,2025-11-04,57,6,332653.5,2,3,3,233,At Risk,Medium Value
CUST-0719,2025-12-31,0,11,388075.23,5,5,3,553,Loyal Customers,Medium Value
CUST-0720,2025-12-11,20,4,731038.21,4,1,5,415,New Customers,High Value
CUST-0721,2025-12-08,23,6,294961.52999999997,4,3,3,433,Loyal Customers,Medium Value
CUST-0722,2025-11-16,45,3,436265.56999999995,3,1,4,314,Potential Customers,Medium Value
CUST-0723,2025-10-02,90,4,422659.51,1,1,3,113,Lost Customers,Medium Value
CUST-0724,2025-11-18,43,6,383169.76,3,3,3,333,Loyal Customers,Medium Value
CUST-0725,2025-10-19,73,3,110066.4,2,1,1,211,Lost Customers,Low Value
CUST-0726,2025-12-17,14,7,176141.24000000002,4,3,2,432,Loyal Customers,Low Value
CUST-0727,2025-12-05,26,3,346866.75,4,1,3,413,New Customers,Medium Value
CUST-0728,2025-12-13,18,2,28626.43,4,1,1,411,New Customers,Low Value
CUST-0729,2025-12-26,5,5,163272.92,5,2,2,522,New Customers,Low Value
CUST-0730,2025-12-08,23,6,356905.17,4,3,3,433,Loyal Customers,Medium Value
CUST-0731,2025-12-06,25,3,152690.86000000002,4,1,1,411,New Customers,Low Value
CUST-0732,2025-12-15,16,5,162870.63,4,2,2,422,New Customers,Low Value
CUST-0733,2025-12-07,24,3,252486.65000000002,4,1,2,412,New Customers,Medium Value
CUST-0734,2025-12-11,20,9,183000.46,4,5,2,452,Loyal Customers,Low Value
CUST-0735,2025-12-06,25,13,1022055.38,4,5,5,455,Champions,High Value
CUST-0736,2025-07-01,183,4,35700.17,1,1,1,111,Lost Customers,Low Value
CUST-0737,2025-10-07,85,10,240585.32,2,5,2,252,At Risk,Low Value
CUST-0738,2025-12-24,7,3,60476.6,5,1,1,511,New Customers,Low Value
CUST-0739,2025-09-05,117,5,298493.77999999997,1,2,3,123,Lost Customers,Medium Value
CUST-0740,2025-11-02,59,6,140131.65,2,3,1,231,At Risk,Low Value
CUST-0741,2025-12-05,26,5,429670.25,4,2,4,424,New Customers,Medium Value
CUST-0742,2025-11-15,46,7,625109.57,3,3,5,335,Loyal Customers,High Value
CUST-0743,2025-12-31,0,3,154485.43,5,1,1,511,New Customers,Low Value
CUST-0744,2025-12-24,7,4,187231.57,5,1,2,512,New Customers,Low Value
CUST-0745,2025-12-23,8,5,508405.32999999996,5,2,4,524,New Customers,High Value
CUST-0746,2025-12-25,6,7,601452.5900000001,5,3,4,534,Loyal Customers,High Value
CUST-0747,2025-11-24,37,4,283166.07,3,1,2,312,Potential Customers,Medium Value
CUST-0748,2025-10-22,70,3,171246.77,2,1,2,212,Lost Customers,Low Value
CUST-0749,2025-12-31,0,7,402790.29000000004,5,3,3,533,Loyal Customers,Medium Value
CUST-0750,2025-09-14,108,4,314933.13,1,1,3,113,Lost Customers,Medium Value
CUST-0751,2025-12-27,4,12,608483.64,5,5,4,554,Champions,High Value
CUST-0752,2025-06-14,200,10,756328.54,1,5,5,155,At Risk,High Value
CUST-0753,2025-12-06,25,7,185979.78,4,3,2,432,Loyal Customers,Low Value
CUST-0754,2025-10-25,67,10,287866.35,2,5,3,253,At Risk,Medium Value
CUST-0755,2025-11-30,31,6,508166.78,3,3,4,334,Loyal Customers,High Value
CUST-0756,2025-10-29,63,7,1058100.1,2,3,5,235,At Risk,High Value
CUST-0757,2025-08-23,130,5,108626.71,1,2,1,121,Lost Customers,Low Value
CUST-0758,2025-10-03,89,4,260243.88,1,1,2,112,Lost Customers,Medium Value
CUST-0759,2025-12-31,0,9,366377.49,5,5,3,553,Loyal Customers,Medium Value
CUST-0760,2025-12-14,17,8,423182.79,4,4,3,443,Loyal Customers,Medium Value
CUST-0761,2025-12-16,15,10,543551.13,4,5,4,454,Champions,High Value
CUST-0762,2025-11-19,42,12,439040.13,3,5,4,354,Loyal Customers,Medium Value
CUST-0763,2025-12-01,30,3,178862.36000000002,3,1,2,312,Potential Customers,Low Value
CUST-0764,2025-12-07,24,10,743062.55,4,5,5,455,Champions,High Value
CUST-0765,2025-10-29,63,10,314448.45999999996,2,5,3,253,At Risk,Medium Value
CUST-0766,2025-12-01,30,10,765503.78,3,5,5,355,Loyal Customers,High Value
CUST-0767,2025-05-11,234,4,306237.42000000004,1,1,3,113,Lost Customers,Medium Value
CUST-0768,2025-08-31,122,5,232856.36,1,2,2,122,Lost Customers,Low Value
CUST-0769,2025-12-04,27,8,408419.14999999997,3,4,3,343,Loyal Customers,Medium Value
CUST-0770,2025-09-28,94,7,459830.93,1,3,4,134,At Risk,Medium Value
CUST-0771,2025-11-13,48,7,1022851.78,3,3,5,335,Loyal Customers,High Value
CUST-0772,2025-10-11,81,4,138951.21,2,1,1,211,Lost Customers,Low Value
CUST-0773,2025-09-26,96,4,219154.18999999997,1,1,2,112,Lost Customers,Low Value
CUST-0774,2025-12-20,11,4,110778.60999999999,5,1,1,511,New Customers,Low Value
CUST-0775,2025-09-14,108,6,311888.22,1,3,3,133,At Risk,Medium Value
CUST-0776,2025-12-03,28,3,127332.70000000001,3,1,1,311,Potential Customers,Low Value
CUST-0777,2025-12-05,26,7,276436.41000000003,4,3,2,432,Loyal Customers,Medium Value
CUST-0778,2025-11-22,39,8,588452.65,3,4,4,344,Loyal Customers,High Value
CUST-0779,2025-10-11,81,8,193085.83000000002,2,4,2,242,At Risk,Low Value
CUST-0780,2025-12-23,8,9,378607.01,5,5,3,553,Loyal Customers,Medium Value
CUST-0781,2025-12-15,16,8,591794.0,4,4,4,444,Champions,High Value
CUST-0782,2025-12-06,25,10,1179108.85,4,5,5,455,Champions,High Value
CUST-0783,2025-11-13,48,6,245678.35,3,3,2,332,Loyal Customers,Medium Value
CUST-0784,2025-11-14,47,5,264292.89,3,2,2,322,Potential Customers,Medium Value
CUST-0785,2025-05-22,223,1,25445.04,1,1,1,111,Lost Customers,Low Value
CUST-0786,2025-12-07,24,11,858367.03,4,5,5,455,Champions,High Value
CUST-0787,2025-12-30,1,5,491921.94,5,2,4,524,New Customers,High Value
CUST-0788,2025-10-07,85,9,209646.41,2,5,2,252,At Risk,Low Value
CUST-0789,2025-12-13,18,5,169620.94,4,2,2,422,New Customers,Low Value
CUST-0790,2025-12-04,27,9,550129.33,3,5,4,354,Loyal Customers,High Value
CUST-0791,2025-12-10,21,8,822460.9800000001,4,4,5,445,Champions,High Value
CUST-0792,2025-10-01,91,5,636871.14,1,2,5,125,Lost Customers,High Value
CUST-0793,2025-12-19,12,12,299711.47,4,5,3,453,Loyal Customers,Medium Value
CUST-0794,2025-12-24,7,9,737556.19,5,5,5,555,Champions,High Value
CUST-0795,2025-12-12,19,7,713419.32,4,3,5,435,Loyal Customers,High Value
CUST-0796,2025-12-24,7,5,138808.67,5,2,1,521,New Customers,Low Value
CUST-0797,2025-11-17,44,4,312875.54,3,1,3,313,Potential Customers,Medium Value
CUST-0798,2025-10-18,74,11,889974.11,2,5,5,255,At Risk,High Value
CUST-0799,2025-09-21,101,5,200837.02000000002,1,2,2,122,Lost Customers,Low Value
CUST-0800,2025-11-14,47,7,213921.13,3,3,2,332,Loyal Customers,Low Value
CUST-0801,2025-12-16,15,4,111169.65,4,1,1,411,New Customers,Low Value
CUST-0802,2025-12-11,20,7,395827.01,4,3,3,433,Loyal Customers,Medium Value
CUST-0803,2025-12-13,18,6,267313.23,4,3,2,432,Loyal Customers,Medium Value
CUST-0804,2025-11-23,38,5,184224.13,3,2,2,322,Potential Customers,Low Value
CUST-0805,2025-12-03,28,10,808152.46,3,5,5,355,Loyal Customers,High Value
CUST-0806,2025-11-02,59,8,418366.44,2,4,3,243,At Risk,Medium Value
CUST-0807,2025-12-04,27,10,845308.43,3,5,5,355,Loyal Customers,High Value
CUST-0808,2025-12-03,28,2,432504.98,3,1,4,314,Potential Customers,Medium Value
CUST-0809,2025-10-11,81,5,544013.91,2,2,4,224,Lost Customers,High Value
CUST-0810,2025-11-30,31,6,412553.29,3,3,3,333,Loyal Customers,Medium Value
CUST-0811,2025-11-02,59,9,607378.09,2,5,4,254,At Risk,High Value
CUST-0812,2025-04-30,245,1,461720.24,1,1,4,114,Lost Customers,Medium Value
CUST-0813,2025-12-03,28,6,455736.1000000001,3,3,4,334,Loyal Customers,Medium Value
CUST-0814,2025-11-17,44,5,158206.32,3,2,1,321,Potential Customers,Low Value
CUST-0815,2025-10-23,69,8,674022.99,2,4,5,245,At Risk,High Value
CUST-0816,2025-12-30,1,6,648847.45,5,3,5,535,Loyal Customers,High Value
CUST-0817,2025-11-12,49,3,344346.80000000005,2,1,3,213,Lost Customers,Medium Value
CUST-0818,2025-12-16,15,5,161806.26,4,2,1,421,New Customers,Low Value
CUST-0819,2025-11-29,32,8,671596.76,3,4,5,345,Loyal Customers,High Value
CUST-0820,2025-09-20,102,1,3115.24,1,1,1,111,Lost Customers,Low Value
CUST-0821,2025-12-20,11,10,114441.02,5,5,1,551,Loyal Customers,Low Value
CUST-0822,2025-08-02,151,3,80335.54000000001,1,1,1,111,Lost Customers,Low Value
CUST-0823,2025-10-08,84,9,462632.82,2,5,4,254,At Risk,Medium Value
CUST-0824,2025-12-28,3,6,844059.47,5,3,5,535,Loyal Customers,High Value
CUST-0825,2025-10-26,66,10,590345.15,2,5,4,254,At Risk,High Value
CUST-0826,2025-10-20,72,10,760610.69,2,5,5,255,At Risk,High Value
CUST-0827,2025-12-28,3,9,442763.17,5,5,4,554,Champions,Medium Value
CUST-0828,2025-08-31,122,7,321391.12,1,3,3,133,At Risk,Medium Value
CUST-0829,2025-09-20,102,7,596368.47,1,3,4,134,At Risk,High Value
CUST-0830,2025-11-12,49,7,40153.55,2,3,1,231,At Risk,Low Value
CUST-0831,2025-08-15,138,10,1163299.18,1,5,5,155,At Risk,High Value
CUST-0832,2025-11-01,60,8,573190.5800000001,2,4,4,244,At Risk,High Value
CUST-0833,2025-12-09,22,3,288391.26,4,1,3,413,New Customers,Medium Value
CUST-0834,2025-12-16,15,9,310452.58,4,5,3,453,Loyal Customers,Medium Value
CUST-0835,2025-11-28,33,5,115646.98999999999,3,2,1,321,Potential Customers,Low Value
CUST-0836,2025-12-08,23,7,564361.18,4,3,4,434,Loyal Customers,High Value
CUST-0837,2025-12-28,3,7,795013.01,5,3,5,535,Loyal Customers,High Value
CUST-0838,2025-11-15,46,6,192056.13,3,3,2,332,Loyal Customers,Low Value
CUST-0839,2025-11-20,41,3,247217.04,3,1,2,312,Potential Customers,Medium Value
CUST-0840,2025-11-27,34,6,212700.43,3,3,2,332,Loyal Customers,Low Value
CUST-0841,2025-10-22,70,5,57544.130000000005,2,2,1,221,Lost Customers,Low Value
CUST-0842,2025-12-24,7,6,302122.44,5,3,3,533,Loyal Customers,Medium Value
CUST-0843,2025-08-24,129,6,128134.28,1,3,1,131,At Risk,Low Value
CUST-0844,2025-10-05,87,4,46448.44,1,1,1,111,Lost Customers,Low Value
CUST-0845,2025-12-11,20,7,187084.69,4,3,2,432,Loyal Customers,Low Value
CUST-0846,2025-08-23,130,6,504507.04000000004,1,3,4,134,At Risk,High Value
CUST-0847,2025-12-27,4,2,268522.59,5,1,2,512,New Customers,Medium Value
CUST-0848,2025-09-25,97,8,393302.04000000004,1,4,3,143,At Risk,Medium Value
CUST-0849,2025-12-14,17,5,347640.56,4,2,3,423,New Customers,Medium Value
CUST-0850,2025-09-29,93,7,110064.58,1,3,1,131,At Risk,Low Value
CUST-0851,2025-09-05,117,7,526491.04,1,3,4,134,At Risk,High Value
CUST-0852,2025-11-02,59,9,509759.85000000003,2,5,4,254,At Risk,High Value
CUST-0853,2025-12-12,19,9,111073.86,4,5,1,451,Loyal Customers,Low Value
CUST-0854,2025-10-02,90,6,496375.95,1,3,4,134,At Risk,High Value
CUST-0855,2025-09-11,111,7,475550.13,1,3,4,134,At Risk,Medium Value
CUST-0856,2025-11-27,34,8,263549.16000000003,3,4,2,342,Loyal Customers,Medium Value
CUST-0857,2025-11-10,51,7,802420.3200000001,2,3,5,235,At Risk,High Value
CUST-0858,2025-11-10,51,7,793249.7,2,3,5,235,At Risk,High Value
CUST-0859,2025-12-17,14,12,292412.01,4,5,3,453,Loyal Customers,Medium Value
CUST-0860,2025-11-15,46,6,1213358.52,3,3,5,335,Loyal Customers,High Value
CUST-0861,2025-12-02,29,8,400841.2,3,4,3,343,Loyal Customers,Medium Value
CUST-0862,2025-09-09,113,9,783435.09,1,5,5,155,At Risk,High Value
CUST-0863,2025-09-24,98,6,127341.12,1,3,1,131,At Risk,Low Value
CUST-0864,2025-12-26,5,10,1158710.3199999998,5,5,5,555,Champions,High Value
CUST-0865,2025-08-24,129,4,257304.48,1,1,2,112,Lost Customers,Medium Value
CUST-0866,2025-11-25,36,9,609752.9,3,5,4,354,Loyal Customers,High Value
CUST-0867,2025-10-25,67,7,339496.07,2,3,3,233,At Risk,Medium Value
CUST-0868,2025-05-15,230,3,278360.04000000004,1,1,2,112,Lost Customers,Medium Value
CUST-0869,2025-10-22,70,8,485015.92,2,4,4,244,At Risk,Medium Value
CUST-0870,2025-12-22,9,4,175605.11000000002,5,1,2,512,New Customers,Low Value
CUST-0871,2025-10-02,90,7,610504.65,1,3,4,134,At Risk,High Value
CUST-0872,2025-12-16,15,6,528005.89,4,3,4,434,Loyal Customers,High Value
CUST-0873,2025-10-05,87,5,80367.65,1,2,1,121,Lost Customers,Low Value
CUST-0874,2025-10-24,68,9,433225.45,2,5,4,254,At Risk,Medium Value
CUST-0875,2025-12-07,24,8,165885.69,4,4,2,442,Loyal Customers,Low Value
CUST-0876,2025-07-13,171,9,461354.29,1,5,4,154,At Risk,Medium Value
CUST-0877,2025-12-22,9,13,1399471.1500000001,5,5,5,555,Champions,High Value
CUST-0878,2025-12-10,21,4,17702.07,4,1,1,411,New Customers,Low Value
CUST-0879,2025-10-25,67,6,692172.05,2,3,5,235,At Risk,High Value
CUST-0880,2025-11-26,35,11,397370.87999999995,3,5,3,353,Loyal Customers,Medium Value
CUST-0881,2025-12-03,28,4,342784.22,3,1,3,313,Potential Customers,Medium Value
CUST-0882,2025-09-01,121,2,43648.26,1,1,1,111,Lost Customers,Low Value
CUST-0883,2025-09-01,121,4,26564.559999999998,1,1,1,111,Lost Customers,Low Value
CUST-0884,2025-12-15,16,11,638475.33,4,5,5,455,Champions,High Value
CUST-0885,2025-11-16,45,6,422398.45,3,3,3,333,Loyal Customers,Medium Value
CUST-0886,2025-12-28,3,5,443999.84,5,2,4,524,New Customers,Medium Value
CUST-0887,2025-12-28,3,7,488475.46,5,3,4,534,Loyal Customers,High Value
CUST-0888,2025-11-24,37,9,392528.52,3,5,3,353,Loyal Customers,Medium Value
CUST-0889,2025-12-30,1,8,625075.3200000001,5,4,5,545,Champions,High Value
CUST-0890,2025-07-10,174,3,53704.0,1,1,1,111,Lost Customers,Low Value
CUST-0891,2025-09-16,106,7,284667.89,1,3,3,133,At Risk,Medium Value
CUST-0892,2025-08-24,129,7,200162.01,1,3,2,132,At Risk,Low Value
CUST-0893,2025-10-03,89,8,508813.83999999997,1,4,4,144,At Risk,High Value
CUST-0894,2025-12-08,23,10,340861.42000000004,4,5,3,453,Loyal Customers,Medium Value
CUST-0895,2025-12-23,8,4,175557.4,5,1,2,512,New Customers,Low Value
CUST-0896,2025-12-19,12,10,626490.7999999999,4,5,5,455,Champions,High Value
CUST-0897,2025-09-14,108,8,386002.36,1,4,3,143,At Risk,Medium Value
CUST-0898,2025-09-22,100,7,374781.07,1,3,3,133,At Risk,Medium Value
CUST-0899,2025-07-28,156,7,723218.48,1,3,5,135,At Risk,High Value
CUST-0900,2025-12-28,3,9,675751.21,5,5,5,555,Champions,High Value
CUST-0901,2025-12-28,3,5,358702.82,5,2,3,523,New Customers,Medium Value
CUST-0902,2025-10-25,67,9,578237.8099999999,2,5,4,254,At Risk,High Value
CUST-0903,2025-12-12,19,7,259426.86000000002,4,3,2,432,Loyal Customers,Medium Value
CUST-0904,2025-11-22,39,10,829236.15,3,5,5,355,Loyal Customers,High Value
CUST-0905,2025-10-26,66,8,757707.16,2,4,5,245,At Risk,High Value
CUST-0906,2025-11-15,46,8,417680.01,3,4,3,343,Loyal Customers,Medium Value
CUST-0907,2025-08-27,126,2,29670.64,1,1,1,111,Lost Customers,Low Value
CUST-0908,2025-12-13,18,8,311695.04,4,4,3,443,Loyal Customers,Medium Value
CUST-0909,2025-10-12,80,5,70993.16,2,2,1,221,Lost Customers,Low Value
CUST-0910,2025-08-30,123,7,394401.07,1,3,3,133,At Risk,Medium Value
CUST-0911,2025-10-13,79,7,383222.16,2,3,3,233,At Risk,Medium Value
CUST-0912,2025-11-25,36,7,369047.75,3,3,3,333,Loyal Customers,Medium Value
CUST-0913,2025-09-04,118,9,505573.15,1,5,4,154,At Risk,High Value
CUST-0914,2025-12-24,7,6,199621.77,5,3,2,532,Loyal Customers,Low Value
CUST-0915,2025-10-10,82,3,29529.07,2,1,1,211,Lost Customers,Low Value
CUST-0916,2025-11-15,46,2,93965.68000000001,3,1,1,311,Potential Customers,Low Value
CUST-0917,2025-03-15,291,3,138016.47,1,1,1,111,Lost Customers,Low Value
CUST-0918,2025-12-01,30,9,494329.81999999995,3,5,4,354,Loyal Customers,High Value
CUST-0919,2025-09-20,102,12,1715385.7200000002,1,5,5,155,At Risk,High Value
CUST-0920,2025-11-18,43,3,135720.85,3,1,1,311,Potential Customers,Low Value
CUST-0921,2025-10-19,73,6,644392.41,2,3,5,235,At Risk,High Value
CUST-0922,2025-10-08,84,7,557069.98,2,3,4,234,At Risk,High Value
CUST-0923,2025-11-09,52,5,384297.3,2,2,3,223,Lost Customers,Medium Value
CUST-0924,2025-11-25,36,4,114576.38,3,1,1,311,Potential Customers,Low Value
CUST-0925,2025-11-29,32,13,830489.73,3,5,5,355,Loyal Customers,High Value
CUST-0926,2025-11-15,46,7,294591.13,3,3,3,333,Loyal Customers,Medium Value
CUST-0927,2025-11-04,57,8,501636.27,2,4,4,244,At Risk,High Value
CUST-0928,2025-12-30,1,11,491436.42,5,5,4,554,Champions,High Value
CUST-0929,2025-08-18,135,3,192383.01,1,1,2,112,Lost Customers,Low Value
CUST-0930,2025-10-06,86,2,11366.119999999999,1,1,1,111,Lost Customers,Low Value
CUST-0931,2025-12-26,5,6,414908.92000000004,5,3,3,533,Loyal Customers,Medium Value
CUST-0932,2025-12-17,14,5,183970.46,4,2,2,422,New Customers,Low Value
CUST-0933,2025-12-18,13,8,413621.15,4,4,3,443,Loyal Customers,Medium Value
CUST-0934,2025-12-04,27,5,411853.73,3,2,3,323,Potential Customers,Medium Value
CUST-0935,2025-12-13,18,10,381345.77,4,5,3,453,Loyal Customers,Medium Value
CUST-0936,2025-11-03,58,11,553912.08,2,5,4,254,At Risk,High Value
CUST-0937,2025-09-07,115,2,5453.3,1,1,1,111,Lost Customers,Low Value
CUST-0938,2025-12-30,1,8,453671.37,5,4,4,544,Champions,Medium Value
CUST-0939,2025-11-13,48,8,329275.86,3,4,3,343,Loyal Customers,Medium Value
CUST-0940,2025-12-30,1,11,633916.34,5,5,5,555,Champions,High Value
CUST-0941,2025-12-20,11,9,245011.89,5,5,2,552,Loyal Customers,Low Value
CUST-0942,2025-12-31,0,5,412826.9,5,2,3,523,New Customers,Medium Value
CUST-0943,2025-10-15,77,3,105870.0,2,1,1,211,Lost Customers,Low Value
CUST-0944,2025-11-04,57,7,439109.42,2,3,4,234,At Risk,Medium Value
CUST-0945,2025-11-12,49,4,121419.42000000001,2,1,1,211,Lost Customers,Low Value
CUST-0946,2025-07-28,156,5,780664.28,1,2,5,125,Lost Customers,High Value
CUST-0947,2025-11-26,35,2,2726.65,3,1,1,311,Potential Customers,Low Value
CUST-0948,2025-12-17,14,6,341296.41000000003,4,3,3,433,Loyal Customers,Medium Value
CUST-0949,2025-12-25,6,8,360610.35000000003,5,4,3,543,Loyal Customers,Medium Value
CUST-0950,2025-12-06,25,3,106203.58,4,1,1,411,New Customers,Low Value
CUST-0951,2025-11-28,33,6,427686.81,3,3,4,334,Loyal Customers,Medium Value
CUST-0952,2025-11-16,45,6,265994.12999999995,3,3,2,332,Loyal Customers,Medium Value
CUST-0953,2025-12-12,19,11,404477.29,4,5,3,453,Loyal Customers,Medium Value
CUST-0954,2025-12-24,7,10,615789.19,5,5,4,554,Champions,High Value
CUST-0955,2025-05-27,218,1,10244.32,1,1,1,111,Lost Customers,Low Value
CUST-0956,2025-12-26,5,7,827884.5900000001,5,3,5,535,Loyal Customers,High Value
CUST-0957,2025-06-25,189,5,1138490.46,1,2,5,125,Lost Customers,High Value
CUST-0958,2025-12-25,6,7,280433.53,5,3,2,532,Loyal Customers,Medium Value
CUST-0959,2025-10-10,82,7,754865.85,2,3,5,235,At Risk,High Value
CUST-0960,2025-12-15,16,5,128231.29000000001,4,2,1,421,New Customers,Low Value
CUST-0961,2025-12-30,1,8,246310.03,5,4,2,542,Loyal Customers,Medium Value
CUST-0962,2025-12-30,1,8,622288.01,5,4,5,545,Champions,High Value
CUST-0963,2025-12-16,15,8,716210.17,4,4,5,445,Champions,High Value
CUST-0964,2025-12-19,12,8,426678.85,4,4,3,443,Loyal Customers,Medium Value
CUST-0965,2025-12-29,2,7,880218.35,5,3,5,535,Loyal Customers,High Value
CUST-0966,2025-12-31,0,10,155586.36,5,5,1,551,Loyal Customers,Low Value
CUST-0967,2025-12-18,13,8,217108.1,4,4,2,442,Loyal Customers,Low Value
CUST-0968,2025-09-14,108,3,15105.51,1,1,1,111,Lost Customers,Low Value
CUST-0969,2025-08-31,122,6,721829.08,1,3,5,135,At Risk,High Value
CUST-0970,2025-12-13,18,9,371261.82,4,5,3,453,Loyal Customers,Medium Value
CUST-0971,2025-11-18,43,4,223676.41999999998,3,1,2,312,Potential Customers,Low Value
CUST-0972,2025-11-12,49,5,23528.559999999998,2,2,1,221,Lost Customers,Low Value
CUST-0973,2025-08-31,122,10,468287.85,1,5,4,154,At Risk,Medium Value
CUST-0974,2025-10-06,86,7,581673.22,1,3,4,134,At Risk,High Value
CUST-0975,2025-07-25,159,4,131738.56,1,1,1,111,Lost Customers,Low Value
CUST-0976,2025-12-21,10,9,444846.64,5,5,4,554,Champions,Medium Value
CUST-0977,2025-12-15,16,6,275596.88,4,3,2,432,Loyal Customers,Medium Value
CUST-0978,2025-12-26,5,7,515276.01,5,3,4,534,Loyal Customers,High Value
CUST-0979,2025-11-05,56,5,80374.31,2,2,1,221,Lost Customers,Low Value
CUST-0980,2025-12-18,13,4,244134.41999999998,4,1,2,412,New Customers,Low Value
CUST-0981,2025-11-26,35,14,676868.92,3,5,5,355,Loyal Customers,High Value
CUST-0982,2025-10-18,74,4,235700.16999999998,2,1,2,212,Lost Customers,Low Value
CUST-0983,2025-12-19,12,7,542209.84,4,3,4,434,Loyal Customers,High Value
CUST-0984,2025-12-11,20,14,1088095.1400000001,4,5,5,455,Champions,High Value
CUST-0985,2025-12-08,23,6,606344.58,4,3,4,434,Loyal Customers,High Value
CUST-0986,2025-12-15,16,7,426765.67,4,3,3,433,Loyal Customers,Medium Value
CUST-0987,2025-11-23,38,3,237869.63,3,1,2,312,Potential Customers,Low Value
CUST-0988,2025-12-06,25,11,169166.81,4,5,2,452,Loyal Customers,Low Value
CUST-0989,2025-12-26,5,11,322428.29,5,5,3,553,Loyal Customers,Medium Value
CUST-0990,2025-12-20,11,9,426361.77,5,5,3,553,Loyal Customers,Medium Value
CUST-0991,2025-12-14,17,10,816171.65,4,5,5,455,Champions,High Value
CUST-0992,2025-11-09,52,8,444156.66,2,4,4,244,At Risk,Medium Value
CUST-0993,2025-11-04,57,8,230648.48,2,4,2,242,At Risk,Low Value
CUST-0994,2025-12-20,11,9,680596.81,5,5,5,555,Champions,High Value
CUST-0995,2025-11-11,50,6,149595.12,2,3,1,231,At Risk,Low Value
CUST-0996,2025-06-22,192,6,520200.48,1,3,4,134,At Risk,High Value
CUST-0997,2025-11-09,52,2,57198.34,2,1,1,211,Lost Customers,Low Value
CUST-0998,2025-12-18,13,8,463158.94999999995,4,4,4,444,Champions,Medium Value
CUST-0999,2025-12-30,1,8,1109371.62,5,4,5,545,Champions,High Value
CUST-1000,2025-10-17,75,8,134862.98,2,4,1,241,At Risk,Low Value
CUST-1001,2025-10-07,85,6,279911.18,2,3,2,232,At Risk,Medium Value
CUST-1002,2025-10-19,73,9,1198213.17,2,5,5,255,At Risk,High Value
CUST-1003,2025-12-18,13,8,301837.39,4,4,3,443,Loyal Customers,Medium Value
CUST-1004,2025-12-03,28,5,102971.84,3,2,1,321,Potential Customers,Low Value
CUST-1005,2025-11-11,50,5,69531.74,2,2,1,221,Lost Customers,Low Value
CUST-1006,2025-01-21,344,1,33085.46,1,1,1,111,Lost Customers,Low Value
CUST-1007,2025-10-19,73,5,613347.61,2,2,4,224,Lost Customers,High Value
CUST-1008,2025-12-20,11,8,611013.12,5,4,4,544,Champions,High Value
CUST-1009,2025-12-11,20,9,568488.5,4,5,4,454,Champions,High Value
CUST-1010,2025-08-27,126,4,72776.78,1,1,1,111,Lost Customers,Low Value
CUST-1011,2025-12-28,3,5,255903.40000000002,5,2,2,522,New Customers,Medium Value
CUST-1012,2025-06-19,195,2,5543.38,1,1,1,111,Lost Customers,Low Value
CUST-1013,2025-10-21,71,7,65661.84,2,3,1,231,At Risk,Low Value
CUST-1014,2025-12-29,2,9,757570.51,5,5,5,555,Champions,High Value
CUST-1015,2025-11-27,34,3,553870.65,3,1,4,314,Potential Customers,High Value
CUST-1016,2025-12-03,28,4,454737.87,3,1,4,314,Potential Customers,Medium Value
CUST-1017,2025-11-05,56,13,353212.64,2,5,3,253,At Risk,Medium Value
CUST-1018,2025-11-08,53,3,167336.88,2,1,2,212,Lost Customers,Low Value
CUST-1019,2025-11-24,37,10,612262.83,3,5,4,354,Loyal Customers,High Value
CUST-1020,2025-08-03,150,3,221869.03,1,1,2,112,Lost Customers,Low Value
CUST-1021,2025-11-09,52,11,556169.37,2,5,4,254,At Risk,High Value
CUST-1022,2025-12-11,20,12,823314.85,4,5,5,455,Champions,High Value
CUST-1023,2025-11-19,42,10,719532.08,3,5,5,355,Loyal Customers,High Value
CUST-1024,2025-11-15,46,5,141275.57,3,2,1,321,Potential Customers,Low Value
CUST-1025,2025-07-11,173,6,307030.4,1,3,3,133,At Risk,Medium Value
CUST-1026,2025-09-17,105,6,345358.32,1,3,3,133,At Risk,Medium Value
CUST-1027,2025-12-22,9,7,326507.58,5,3,3,533,Loyal Customers,Medium Value
CUST-1028,2025-11-16,45,9,117384.94,3,5,1,351,Loyal Customers,Low Value
CUST-1029,2025-12-11,20,8,743957.18,4,4,5,445,Champions,High Value
CUST-1030,2025-12-31,0,4,372402.59,5,1,3,513,New Customers,Medium Value
CUST-1031,2025-12-08,23,9,514570.84,4,5,4,454,Champions,High Value
CUST-1032,2025-12-20,11,7,214083.58000000002,5,3,2,532,Loyal Customers,Low Value
CUST-1033,2025-12-23,8,5,422348.05000000005,5,2,3,523,New Customers,Medium Value
CUST-1034,2025-11-14,47,2,10020.08,3,1,1,311,Potential Customers,Low Value
CUST-1035,2025-11-03,58,5,98352.68,2,2,1,221,Lost Customers,Low Value
CUST-1036,2025-11-30,31,8,492697.4,3,4,4,344,Loyal Customers,High Value
CUST-1037,2025-12-30,1,11,1191813.94,5,5,5,555,Champions,High Value
CUST-1038,2025-12-31,0,9,301762.48,5,5,3,553,Loyal Customers,Medium Value
CUST-1039,2025-11-27,34,4,380172.54000000004,3,1,3,313,Potential Customers,Medium Value
CUST-1040,2025-11-26,35,8,130004.22,3,4,1,341,Loyal Customers,Low Value
CUST-1041,2025-12-19,12,3,133577.15999999997,4,1,1,411,New Customers,Low Value
CUST-1042,2025-11-13,48,11,1318711.74,3,5,5,355,Loyal Customers,High Value
CUST-1043,2025-11-12,49,8,664859.1,2,4,5,245,At Risk,High Value
CUST-1044,2025-11-14,47,6,185657.2,3,3,2,332,Loyal Customers,Low Value
CUST-1045,2025-10-19,73,5,156052.32,2,2,1,221,Lost Customers,Low Value
CUST-1046,2025-12-25,6,10,767547.96,5,5,5,555,Champions,High Value
CUST-1048,2025-12-07,24,8,206676.91999999998,4,4,2,442,Loyal Customers,Low Value
CUST-1049,2025-10-17,75,4,212919.27000000002,2,1,2,212,Lost Customers,Low Value
CUST-1050,2025-11-21,40,11,274000.13,3,5,2,352,Loyal Customers,Medium Value
CUST-1051,2025-10-19,73,2,4866.05,2,1,1,211,Lost Customers,Low Value
CUST-1052,2025-10-14,78,4,37997.729999999996,2,1,1,211,Lost Customers,Low Value
CUST-1053,2025-12-02,29,9,263586.47000000003,3,5,2,352,Loyal Customers,Medium Value
CUST-1054,2025-12-22,9,10,555892.17,5,5,4,554,Champions,High Value
CUST-1055,2025-12-25,6,8,478316.06999999995,5,4,4,544,Champions,Medium Value
CUST-1056,2025-12-12,19,17,1062621.44,4,5,5,455,Champions,High Value
CUST-1057,2025-11-28,33,6,383219.22,3,3,3,333,Loyal Customers,Medium Value
CUST-1058,2025-12-29,2,11,738864.45,5,5,5,555,Champions,High Value
CUST-1059,2025-12-31,0,3,136948.5,5,1,1,511,New Customers,Low Value
CUST-1060,2025-12-03,28,6,576636.6,3,3,4,334,Loyal Customers,High Value
CUST-1061,2025-09-08,114,9,1193707.05,1,5,5,155,At Risk,High Value
CUST-1062,2025-10-02,90,6,64147.31,1,3,1,131,At Risk,Low Value
CUST-1063,2025-11-10,51,5,266368.31,2,2,2,222,Lost Customers,Medium Value
CUST-1064,2025-12-05,26,8,856964.97,4,4,5,445,Champions,High Value
CUST-1065,2025-12-20,11,6,217356.33,5,3,2,532,Loyal Customers,Low Value
CUST-1066,2025-11-25,36,7,541261.26,3,3,4,334,Loyal Customers,High Value
CUST-1067,2025-05-29,216,3,198406.16999999998,1,1,2,112,Lost Customers,Low Value
CUST-1068,2025-08-05,148,3,166791.41,1,1,2,112,Lost Customers,Low Value
CUST-1069,2025-10-08,84,7,782309.11,2,4,5,245,At Risk,High Value
CUST-1070,2025-11-27,34,7,492378.57,3,4,4,344,Loyal Customers,High Value
CUST-1071,2025-09-09,113,7,323897.85,1,4,3,143,At Risk,Medium Value
CUST-1072,2025-12-20,11,9,1170856.39,5,5,5,555,Champions,High Value
CUST-1073,2025-05-15,230,4,138929.19,1,1,1,111,Lost Customers,Low Value
CUST-1074,2025-10-28,64,8,448163.53,2,4,4,244,At Risk,Medium Value
CUST-1075,2025-12-22,9,8,483438.8,5,4,4,544,Champions,Medium Value
CUST-1076,2025-10-28,64,10,393913.36,2,5,3,253,At Risk,Medium Value
CUST-1077,2025-12-08,23,4,130060.86,4,1,1,411,New Customers,Low Value
CUST-1078,2025-09-02,120,4,148213.09,1,1,1,111,Lost Customers,Low Value
CUST-1079,2025-06-30,184,4,121126.79000000001,1,1,1,111,Lost Customers,Low Value
CUST-1080,2025-11-13,48,9,1059193.76,3,5,5,355,Loyal Customers,High Value
CUST-1081,2025-12-03,28,5,196765.99,3,2,2,322,Potential Customers,Low Value
CUST-1082,2025-12-24,7,4,220359.09,5,1,2,512,New Customers,Low Value
CUST-1083,2025-10-21,71,7,402966.5,2,4,3,243,At Risk,Medium Value
CUST-1084,2025-11-27,34,3,284501.65,3,1,3,313,Potential Customers,Medium Value
CUST-1085,2025-11-01,60,12,213455.55000000002,2,5,2,252,At Risk,Low Value
CUST-1086,2025-12-08,23,11,407657.33,4,5,3,453,Loyal Customers,Medium Value
CUST-1087,2025-12-20,11,7,715231.83,5,4,5,545,Champions,High Value
CUST-1088,2025-07-28,156,3,100021.33,1,1,1,111,Lost Customers,Low Value
CUST-1089,2025-10-23,69,8,401889.06000000006,2,4,3,243,At Risk,Medium Value
CUST-1090,2025-12-10,21,9,479632.56,4,5,4,454,Champions,Medium Value
CUST-1091,2025-11-14,47,10,539255.52,3,5,4,354,Loyal Customers,High Value
CUST-1092,2025-11-22,39,9,851685.07,3,5,5,355,Loyal Customers,High Value
CUST-1093,2025-12-16,15,6,405638.23,4,3,3,433,Loyal Customers,Medium Value
CUST-1094,2025-12-15,16,8,572770.8,4,4,4,444,Champions,High Value
CUST-1095,2025-12-10,21,10,150098.13,4,5,1,451,Loyal Customers,Low Value
CUST-1096,2025-11-21,40,6,322529.28,3,3,3,333,Loyal Customers,Medium Value
CUST-1097,2025-11-12,49,8,514537.19,2,4,4,244,At Risk,High Value
CUST-1098,2025-12-23,8,8,759506.14,5,4,5,545,Champions,High Value
CUST-1099,2025-12-18,13,5,298178.97,4,2,3,423,New Customers,Medium Value
CUST-1100,2025-07-05,179,2,52196.6,1,1,1,111,Lost Customers,Low Value
CUST-1101,2025-12-18,13,12,380440.49,4,5,3,453,Loyal Customers,Medium Value
CUST-1102,2025-12-21,10,2,11728.68,5,1,1,511,New Customers,Low Value
CUST-1103,2025-12-12,19,12,840505.04,4,5,5,455,Champions,High Value
CUST-1104,2025-12-27,4,9,334828.59,5,5,3,553,Loyal Customers,Medium Value
CUST-1105,2025-12-16,15,4,237105.49,4,1,2,412,New Customers,Low Value
CUST-1106,2025-12-15,16,7,480048.35,4,4,4,444,Champions,Medium Value
CUST-1107,2025-09-25,97,6,416923.91000000003,1,3,3,133,At Risk,Medium Value
CUST-1108,2025-02-23,311,3,506636.27999999997,1,1,4,114,Lost Customers,High Value
CUST-1109,2025-11-24,37,6,680459.95,3,3,5,335,Loyal Customers,High Value
CUST-1110,2025-12-18,13,12,568415.89,4,5,4,454,Champions,High Value
CUST-1111,2025-12-20,11,4,113134.82,5,1,1,511,New Customers,Low Value
CUST-1112,2025-09-17,105,2,26892.85,1,1,1,111,Lost Customers,Low Value
CUST-1113,2025-09-26,96,7,595979.89,1,4,4,144,At Risk,High Value
CUST-1114,2025-10-16,76,6,319065.33999999997,2,3,3,233,At Risk,Medium Value
CUST-1115,2025-11-15,46,10,548710.53,3,5,4,354,Loyal Customers,High Value
CUST-1116,2025-10-18,74,6,336318.92,2,3,3,233,At Risk,Medium Value
CUST-1117,2025-12-29,2,9,282537.05,5,5,2,552,Loyal Customers,Medium Value
CUST-1118,2025-10-27,65,7,365502.4,2,4,3,243,At Risk,Medium Value
CUST-1119,2025-11-24,37,8,415730.23,3,4,3,343,Loyal Customers,Medium Value
CUST-1120,2025-12-13,18,11,484998.87,4,5,4,454,Champions,Medium Value
CUST-1121,2025-10-10,82,7,1114150.86,2,4,5,245,At Risk,High Value
CUST-1122,2025-11-20,41,7,528863.58,3,4,4,344,Loyal Customers,High Value
CUST-1123,2025-10-02,90,6,651135.65,1,3,5,135,At Risk,High Value
CUST-1124,2025-12-17,14,14,1217297.1,4,5,5,455,Champions,High Value
CUST-1125,2025-11-21,40,5,585822.88,3,2,4,324,Potential Customers,High Value
CUST-1126,2025-12-18,13,4,491546.01999999996,4,1,4,414,New Customers,High Value
CUST-1127,2025-11-03,58,7,182086.38,2,4,2,242,At Risk,Low Value
CUST-1128,2025-11-16,45,7,213271.29,3,4,2,342,Loyal Customers,Low Value
CUST-1129,2025-11-10,51,10,883993.94,2,5,5,255,At Risk,High Value
CUST-1130,2025-08-24,129,11,934695.92,1,5,5,155,At Risk,High Value
CUST-1131,2025-12-28,3,2,83104.29000000001,5,1,1,511,New Customers,Low Value
CUST-1132,2025-09-30,92,3,365939.6,1,1,3,113,Lost Customers,Medium Value
CUST-1133,2025-11-28,33,8,133775.71,3,4,1,341,Loyal Customers,Low Value
CUST-1134,2025-12-07,24,7,322427.83,4,4,3,443,Loyal Customers,Medium Value
CUST-1135,2025-11-18,43,5,198589.3,3,2,2,322,Potential Customers,Low Value
CUST-1136,2025-08-15,138,11,704373.8099999999,1,5,5,155,At Risk,High Value
CUST-1137,2025-10-23,69,5,636616.85,2,2,5,225,Lost Customers,High Value
CUST-1138,2025-12-24,7,6,543381.63,5,3,4,534,Loyal Customers,High Value
CUST-1139,2025-08-21,132,7,711687.1799999999,1,4,5,145,At Risk,High Value
CUST-1140,2025-07-01,183,3,216113.3,1,1,2,112,Lost Customers,Low Value
CUST-1141,2025-12-08,23,10,504901.14,4,5,4,454,Champions,High Value
CUST-1142,2025-12-15,16,6,88973.34,4,3,1,431,Loyal Customers,Low Value
CUST-1143,2025-09-26,96,3,28113.75,1,1,1,111,Lost Customers,Low Value
CUST-1144,2025-11-25,36,5,344737.72,3,2,3,323,Potential Customers,Medium Value
CUST-1145,2025-12-04,27,12,932193.21,3,5,5,355,Loyal Customers,High Value
CUST-1146,2025-12-02,29,8,390675.16,3,4,3,343,Loyal Customers,Medium Value
CUST-1147,2025-12-30,1,2,67600.78,5,1,1,511,New Customers,Low Value
CUST-1148,2025-10-31,61,6,129341.37999999999,2,3,1,231,At Risk,Low Value
CUST-1149,2025-11-04,57,4,301397.69,2,1,3,213,Lost Customers,Medium Value
CUST-1150,2025-09-12,110,5,266577.26,1,2,2,122,Lost Customers,Medium Value
CUST-1151,2025-12-04,27,7,130809.43,3,4,1,341,Loyal Customers,Low Value
CUST-1152,2025-11-15,46,5,568868.17,3,2,4,324,Potential Customers,High Value
CUST-1153,2025-12-05,26,5,651184.25,4,2,5,425,New Customers,High Value
CUST-1154,2025-08-17,136,10,689997.1,1,5,5,155,At Risk,High Value
CUST-1155,2025-12-26,5,10,262958.19,5,5,2,552,Loyal Customers,Medium Value
CUST-1156,2025-12-16,15,7,704902.2400000001,4,4,5,445,Champions,High Value
CUST-1157,2025-11-17,44,7,408546.86000000004,3,4,3,343,Loyal Customers,Medium Value
CUST-1158,2025-10-16,76,7,338065.8,2,4,3,243,At Risk,Medium Value
CUST-1159,2025-12-23,8,6,219703.44,5,3,2,532,Loyal Customers,Low Value
CUST-1160,2025-11-28,33,11,938602.06,3,5,5,355,Loyal Customers,High Value
CUST-1161,2025-11-05,56,9,826315.76,2,5,5,255,At Risk,High Value
CUST-1162,2025-07-01,183,5,351490.06,1,2,3,123,Lost Customers,Medium Value
CUST-1163,2025-09-19,103,5,94431.74,1,2,1,121,Lost Customers,Low Value
CUST-1164,2025-11-12,49,6,244748.75999999998,2,3,2,232,At Risk,Low Value
CUST-1165,2025-10-26,66,6,187048.85,2,3,2,232,At Risk,Low Value
CUST-1166,2025-12-05,26,8,300381.52999999997,4,4,3,443,Loyal Customers,Medium Value
CUST-1167,2025-10-17,75,4,389661.88,2,1,3,213,Lost Customers,Medium Value
CUST-1168,2025-11-04,57,6,371497.25,2,3,3,233,At Risk,Medium Value
CUST-1169,2025-10-10,82,9,539757.0499999999,2,5,4,254,At Risk,High Value
CUST-1170,2025-12-02,29,5,147742.36,3,2,1,321,Potential Customers,Low Value
CUST-1171,2025-12-11,20,6,201782.23,4,3,2,432,Loyal Customers,Low Value
CUST-1172,2025-12-06,25,6,692009.81,4,3,5,435,Loyal Customers,High Value
CUST-1173,2025-12-31,0,8,157396.78,5,4,1,541,Loyal Customers,Low Value
CUST-1174,2025-10-15,77,4,38168.06,2,1,1,211,Lost Customers,Low Value
CUST-1175,2025-12-31,0,13,1406884.82,5,5,5,555,Champions,High Value
CUST-1176,2025-12-24,7,13,504202.04,5,5,4,554,Champions,High Value
CUST-1177,2025-08-12,141,5,273927.35,1,2,2,122,Lost Customers,Medium Value
CUST-1178,2025-12-08,23,6,860719.5599999999,4,3,5,435,Loyal Customers,High Value
CUST-1179,2025-12-11,20,7,520015.69,4,4,4,444,Champions,High Value
CUST-1180,2025-11-27,34,5,364602.26,3,2,3,323,Potential Customers,Medium Value
CUST-1181,2025-12-17,14,10,328676.33999999997,4,5,3,453,Loyal Customers,Medium Value
CUST-1182,2025-10-31,61,5,277189.43,2,2,2,222,Lost Customers,Medium Value
CUST-1183,2025-08-17,136,5,74055.41,1,2,1,121,Lost Customers,Low Value
CUST-1184,2025-12-31,0,7,542204.53,5,4,4,544,Champions,High Value
CUST-1185,2025-07-14,170,3,71567.52,1,1,1,111,Lost Customers,Low Value
CUST-1186,2025-12-09,22,10,854516.02,4,5,5,455,Champions,High Value
CUST-1187,2025-09-25,97,5,225482.07,1,2,2,122,Lost Customers,Low Value
CUST-1188,2025-11-06,55,4,421079.49,2,1,3,213,Lost Customers,Medium Value
CUST-1189,2025-11-05,56,13,503073.0,2,5,4,254,At Risk,High Value
CUST-1190,2025-10-26,66,5,170012.25,2,2,2,222,Lost Customers,Low Value
CUST-1191,2025-12-08,23,9,452142.61,4,5,4,454,Champions,Medium Value
CUST-1192,2025-08-28,125,5,660874.18,1,2,5,125,Lost Customers,High Value
CUST-1193,2025-12-29,2,4,21169.08,5,1,1,511,New Customers,Low Value
CUST-1194,2025-12-30,1,10,667549.4099999999,5,5,5,555,Champions,High Value
CUST-1195,2025-11-18,43,6,320780.57,3,3,3,333,Loyal Customers,Medium Value
CUST-1196,2025-12-15,16,5,428086.41000000003,4,2,4,424,New Customers,Medium Value
CUST-1197,2025-12-16,15,8,713467.37,4,4,5,445,Champions,High Value
CUST-1198,2025-11-30,31,8,303342.95999999996,3,4,3,343,Loyal Customers,Medium Value
CUST-1199,2025-10-21,71,9,452479.4,2,5,4,254,At Risk,Medium Value
CUST-1200,2025-10-13,79,4,74383.98000000001,2,1,1,211,Lost Customers,Low Value
CUST-1201,2025-12-12,19,8,440189.58999999997,4,4,4,444,Champions,Medium Value
CUST-1202,2025-12-16,15,6,144141.59000000003,4,3,1,431,Loyal Customers,Low Value
CUST-1203,2025-12-27,4,9,316862.54,5,5,3,553,Loyal Customers,Medium Value
CUST-1204,2025-12-09,22,4,130443.23,4,1,1,411,New Customers,Low Value
CUST-1205,2025-12-31,0,5,109230.66,5,2,1,521,New Customers,Low Value
CUST-1206,2025-05-15,230,3,171123.97,1,1,2,112,Lost Customers,Low Value
CUST-1207,2025-10-30,62,7,81923.12,2,4,1,241,At Risk,Low Value
CUST-1208,2025-03-25,281,2,114132.61,1,1,1,111,Lost Customers,Low Value
CUST-1209,2025-12-06,25,4,241650.34000000003,4,1,2,412,New Customers,Low Value
CUST-1210,2025-12-01,30,6,119982.38,3,3,1,331,Loyal Customers,Low Value
CUST-1211,2025-11-19,42,8,589237.73,3,4,4,344,Loyal Customers,High Value
CUST-1212,2025-08-15,138,5,249870.38999999998,1,2,2,122,Lost Customers,Medium Value
CUST-1213,2025-11-30,31,5,183783.28,3,2,2,322,Potential Customers,Low Value
CUST-1214,2025-12-30,1,6,213625.66999999998,5,3,2,532,Loyal Customers,Low Value
CUST-1215,2025-11-12,49,7,410396.47,2,4,3,243,At Risk,Medium Value
CUST-1216,2025-12-27,4,5,473039.51,5,2,4,524,New Customers,Medium Value
CUST-1217,2025-12-26,5,5,57198.82,5,2,1,521,New Customers,Low Value
CUST-1218,2025-12-10,21,12,643366.22,4,5,5,455,Champions,High Value
CUST-1220,2025-10-30,62,5,797077.66,2,2,5,225,Lost Customers,High Value
CUST-1221,2025-12-05,26,9,601924.8600000001,4,5,4,454,Champions,High Value
CUST-1222,2025-10-04,88,6,204208.55,1,3,2,132,At Risk,Low Value
CUST-1223,2025-12-09,22,8,869674.36,4,4,5,445,Champions,High Value
CUST-1224,2025-12-16,15,9,616197.9600000001,4,5,4,454,Champions,High Value
CUST-1225,2025-09-14,108,6,141806.0,1,3,1,131,At Risk,Low Value
CUST-1226,2025-12-21,10,7,205569.67,5,4,2,542,Loyal Customers,Low Value
CUST-1227,2025-09-29,93,3,15328.73,1,1,1,111,Lost Customers,Low Value
CUST-1228,2025-12-30,1,6,219391.57,5,3,2,532,Loyal Customers,Low Value
CUST-1229,2025-11-09,52,7,687074.9199999999,2,4,5,245,At Risk,High Value
CUST-1230,2025-10-28,64,7,311118.05,2,4,3,243,At Risk,Medium Value
CUST-1231,2025-08-28,125,4,105292.26,1,1,1,111,Lost Customers,Low Value
CUST-1232,2025-11-25,36,7,813583.33,3,4,5,345,Loyal Customers,High Value
CUST-1233,2025-08-25,128,6,211862.5,1,3,2,132,At Risk,Low Value
CUST-1234,2025-12-20,11,4,717642.9500000001,5,1,5,515,New Customers,High Value
CUST-1235,2025-12-07,24,9,356405.52,4,5,3,453,Loyal Customers,Medium Value
CUST-1236,2025-11-29,32,3,724907.46,3,1,5,315,Potential Customers,High Value
CUST-1237,2025-12-23,8,9,629842.7,5,5,5,555,Champions,High Value
CUST-1238,2025-09-21,101,3,71038.1,1,1,1,111,Lost Customers,Low Value
CUST-1239,2025-12-21,10,9,588574.48,5,5,4,554,Champions,High Value
CUST-1240,2025-12-10,21,8,747089.2999999999,4,4,5,445,Champions,High Value
CUST-1241,2025-11-29,32,4,271917.48,3,1,2,312,Potential Customers,Medium Value
CUST-1242,2025-10-30,62,7,161451.01,2,4,1,241,At Risk,Low Value
CUST-1243,2025-07-28,156,7,1350190.81,1,4,5,145,At Risk,High Value
CUST-1244,2025-12-29,2,8,446719.2,5,4,4,544,Champions,Medium Value
CUST-1245,2025-11-25,36,3,57835.7,3,1,1,311,Potential Customers,Low Value
CUST-1246,2025-10-18,74,6,292029.64,2,3,3,233,At Risk,Medium Value
CUST-1247,2025-08-22,131,4,99957.7,1,1,1,111,Lost Customers,Low Value
CUST-1248,2025-10-21,71,2,17709.050000000003,2,1,1,211,Lost Customers,Low Value
CUST-1249,2025-12-29,2,7,228511.4,5,4,2,542,Loyal Customers,Low Value
CUST-1250,2025-12-26,5,7,201373.49,5,4,2,542,Loyal Customers,Low Value
CUST-1251,2025-10-21,71,7,264913.99,2,4,2,242,At Risk,Medium Value
CUST-1252,2025-11-03,58,5,264175.15,2,2,2,222,Lost Customers,Medium Value
CUST-1253,2025-12-20,11,6,146827.03,5,3,1,531,Loyal Customers,Low Value
CUST-1254,2025-12-21,10,8,423142.17,5,4,3,543,Loyal Customers,Medium Value
CUST-1255,2025-10-23,69,5,111270.12,2,2,1,221,Lost Customers,Low Value
CUST-1256,2025-11-07,54,7,273604.26,2,4,2,242,At Risk,Medium Value
CUST-1257,2025-12-28,3,4,83852.86,5,1,1,511,New Customers,Low Value
CUST-1258,2025-12-18,13,11,419585.22,4,5,3,453,Loyal Customers,Medium Value
CUST-1259,2025-12-23,8,6,126036.97,5,3,1,531,Loyal Customers,Low Value
CUST-1260,2025-11-25,36,12,1344448.39,3,5,5,355,Loyal Customers,High Value
CUST-1261,2025-12-19,12,8,245992.94999999998,4,4,2,442,Loyal Customers,Medium Value
CUST-1262,2025-08-24,129,3,227488.3,1,1,2,112,Lost Customers,Low Value
CUST-1263,2025-12-11,20,6,185381.32,4,3,2,432,Loyal Customers,Low Value
CUST-1264,2025-11-01,60,9,394368.25,2,5,3,253,At Risk,Medium Value
CUST-1265,2025-12-15,16,8,682431.03,4,4,5,445,Champions,High Value
CUST-1266,2025-11-23,38,5,166430.21,3,2,2,322,Potential Customers,Low Value
CUST-1267,2025-08-07,146,6,638965.63,1,3,5,135,At Risk,High Value
CUST-1268,2025-11-24,37,3,101290.66,3,1,1,311,Potential Customers,Low Value
CUST-1269,2025-12-18,13,9,126745.90999999999,4,5,1,451,Loyal Customers,Low Value
CUST-1270,2025-11-28,33,9,543188.48,3,5,4,354,Loyal Customers,High Value
CUST-1271,2025-12-24,7,3,447125.3,5,1,4,514,New Customers,Medium Value
CUST-1272,2025-12-20,11,6,107686.67,5,3,1,531,Loyal Customers,Low Value
CUST-1273,2025-12-03,28,6,385087.41000000003,3,3,3,333,Loyal Customers,Medium Value
CUST-1274,2025-12-27,4,12,884481.7,5,5,5,555,Champions,High Value
CUST-1275,2025-10-05,87,5,384664.34,1,2,3,123,Lost Customers,Medium Value
CUST-1276,2025-12-01,30,9,761787.21,3,5,5,355,Loyal Customers,High Value
CUST-1277,2025-11-22,39,4,109568.40000000001,3,1,1,311,Potential Customers,Low Value
CUST-1278,2025-11-18,43,7,461312.76,3,4,4,344,Loyal Customers,Medium Value
CUST-1279,2025-09-27,95,4,231590.96,1,1,2,112,Lost Customers,Low Value
CUST-1280,2025-12-11,20,4,200543.89,4,1,2,412,New Customers,Low Value
CUST-1281,2025-12-29,2,6,592564.97,5,3,4,534,Loyal Customers,High Value
CUST-1282,2025-11-07,54,15,1150859.35,2,5,5,255,At Risk,High Value
CUST-1283,2025-12-03,28,4,50262.240000000005,3,1,1,311,Potential Customers,Low Value
CUST-1284,2025-12-22,9,6,560012.1900000001,5,3,4,534,Loyal Customers,High Value
CUST-1285,2025-12-11,20,11,616903.6,4,5,4,454,Champions,High Value
CUST-1286,2025-11-12,49,12,985688.8300000001,2,5,5,255,At Risk,High Value
CUST-1287,2025-11-10,51,3,102229.83,2,1,1,211,Lost Customers,Low Value
CUST-1288,2025-07-26,158,4,812255.16,1,1,5,115,Lost Customers,High Value
CUST-1289,2025-07-11,173,4,494334.26,1,1,4,114,Lost Customers,High Value
CUST-1290,2025-10-13,79,3,40660.21,2,1,1,211,Lost Customers,Low Value
CUST-1291,2025-12-17,14,9,787452.75,4,5,5,455,Champions,High Value
CUST-1292,2025-10-01,91,4,418009.14,1,1,3,113,Lost Customers,Medium Value
CUST-1293,2025-09-28,94,6,253189.12,1,3,2,132,At Risk,Medium Value
CUST-1294,2025-12-30,1,5,484047.9,5,2,4,524,New Customers,Medium Value
CUST-1295,2025-12-06,25,4,356120.0,4,1,3,413,New Customers,Medium Value
CUST-1296,2025-10-29,63,12,1113545.86,2,5,5,255,At Risk,High Value
CUST-1297,2025-11-13,48,7,25459.87,3,4,1,341,Loyal Customers,Low Value
CUST-1298,2025-12-07,24,8,475492.56,4,4,4,444,Champions,Medium Value
CUST-1299,2025-12-26,5,6,175468.11,5,3,2,532,Loyal Customers,Low Value
CUST-1300,2025-06-19,195,5,85494.68000000001,1,2,1,121,Lost Customers,Low Value
CUST-1301,2025-05-10,235,3,171186.87,1,1,2,112,Lost Customers,Low Value
CUST-1302,2025-12-16,15,8,653052.68,4,4,5,445,Champions,High Value
CUST-1303,2025-12-27,4,5,144248.6,5,2,1,521,New Customers,Low Value
CUST-1304,2025-12-16,15,11,661239.13,4,5,5,455,Champions,High Value
CUST-1305,2025-11-01,60,4,61485.84,2,1,1,211,Lost Customers,Low Value
CUST-1306,2025-12-21,10,6,352530.82,5,3,3,533,Loyal Customers,Medium Value
CUST-1307,2025-12-29,2,4,209775.22,5,1,2,512,New Customers,Low Value
CUST-1308,2025-12-31,0,11,353567.92000000004,5,5,3,553,Loyal Customers,Medium Value
CUST-1309,2025-12-19,12,1,7735.73,4,1,1,411,New Customers,Low Value
CUST-1310,2025-12-22,9,5,534890.65,5,2,4,524,New Customers,High Value
CUST-1311,2025-12-29,2,8,618816.28,5,4,4,544,Champions,High Value
CUST-1312,2025-10-03,89,6,291208.55,1,3,3,133,At Risk,Medium Value
CUST-1313,2025-10-02,90,7,604662.74,1,4,4,144,At Risk,High Value
CUST-1314,2025-08-23,130,10,718312.66,1,5,5,155,At Risk,High Value
CUST-1315,2025-11-09,52,5,86899.75,2,2,1,221,Lost Customers,Low Value
CUST-1316,2025-11-28,33,8,246974.36,3,4,2,342,Loyal Customers,Medium Value
CUST-1317,2025-10-13,79,8,314476.88,2,4,3,243,At Risk,Medium Value
CUST-1318,2025-12-15,16,7,1020160.49,4,4,5,445,Champions,High Value
CUST-1319,2025-12-31,0,10,679894.5,5,5,5,555,Champions,High Value
CUST-1320,2025-12-30,1,8,938543.68,5,4,5,545,Champions,High Value
CUST-1321,2025-08-05,148,6,714785.2999999999,1,3,5,135,At Risk,High Value
CUST-1322,2025-08-21,132,8,1091790.88,1,4,5,145,At Risk,High Value
CUST-1323,2025-10-27,65,7,476710.20999999996,2,4,4,244,At Risk,Medium Value
CUST-1324,2025-12-29,2,10,734219.77,5,5,5,555,Champions,High Value
CUST-1325,2025-12-21,10,2,52328.95999999999,5,1,1,511,New Customers,Low Value
CUST-1326,2025-12-26,5,11,839596.3600000001,5,5,5,555,Champions,High Value
CUST-1327,2025-11-22,39,9,838449.48,3,5,5,355,Loyal Customers,High Value
CUST-1328,2025-11-15,46,8,510830.24,3,4,4,344,Loyal Customers,High Value
CUST-1329,2025-06-29,185,8,374328.16000000003,1,4,3,143,At Risk,Medium Value
CUST-1330,2025-09-18,104,4,147025.9,1,1,1,111,Lost Customers,Low Value
CUST-1331,2025-09-17,105,8,548185.38,1,4,4,144,At Risk,High Value
CUST-1332,2025-12-01,30,7,549445.89,3,4,4,344,Loyal Customers,High Value
CUST-1333,2025-12-12,19,4,512063.86,4,1,4,414,New Customers,High Value
CUST-1334,2025-10-17,75,8,493129.11,2,4,4,244,At Risk,High Value
CUST-1335,2025-08-09,144,4,39120.979999999996,1,1,1,111,Lost Customers,Low Value
CUST-1336,2025-12-10,21,7,1053567.58,4,4,5,445,Champions,High Value
CUST-1337,2025-11-02,59,8,210242.94,2,4,2,242,At Risk,Low Value
CUST-1338,2025-12-23,8,5,124204.53,5,2,1,521,New Customers,Low Value
CUST-1339,2025-12-26,5,7,420693.59,5,4,3,543,Loyal Customers,Medium Value
CUST-1340,2025-09-27,95,3,169576.9,1,1,2,112,Lost Customers,Low Value
CUST-1341,2025-08-23,130,3,158315.58,1,1,1,111,Lost Customers,Low Value
CUST-1342,2025-04-24,251,3,94233.56,1,1,1,111,Lost Customers,Low Value
CUST-1343,2025-05-28,217,5,210779.16999999998,1,2,2,122,Lost Customers,Low Value
CUST-1344,2025-12-14,17,9,657548.03,4,5,5,455,Champions,High Value
CUST-1345,2025-12-27,4,8,705365.49,5,4,5,545,Champions,High Value
CUST-1346,2025-12-30,1,11,461361.89999999997,5,5,4,554,Champions,Medium Value
CUST-1347,2025-11-26,35,6,52734.58,3,3,1,331,Loyal Customers,Low Value
CUST-1348,2025-11-26,35,4,80082.72,3,1,1,311,Potential Customers,Low Value
CUST-1349,2025-12-18,13,7,290845.65,4,4,3,443,Loyal Customers,Medium Value
CUST-1350,2025-11-20,41,5,605882.02,3,2,4,324,Potential Customers,High Value
CUST-1351,2025-11-19,42,5,103134.04000000001,3,2,1,321,Potential Customers,Low Value
CUST-1352,2025-12-22,9,6,393802.76,5,3,3,533,Loyal Customers,Medium Value
CUST-1353,2025-11-22,39,10,603901.08,3,5,4,354,Loyal Customers,High Value
CUST-1354,2025-05-10,235,3,474418.86,1,1,4,114,Lost Customers,Medium Value
CUST-1355,2025-12-12,19,6,491600.52999999997,4,3,4,434,Loyal Customers,High Value
CUST-1356,2025-12-16,15,6,584293.29,4,3,4,434,Loyal Customers,High Value
CUST-1357,2025-11-18,43,6,178867.86,3,3,2,332,Loyal Customers,Low Value
CUST-1358,2025-07-13,171,3,134163.49,1,1,1,111,Lost Customers,Low Value
CUST-1359,2025-11-21,40,8,582708.68,3,4,4,344,Loyal Customers,High Value
CUST-1360,2025-12-07,24,8,1121589.8,4,4,5,445,Champions,High Value
CUST-1361,2025-09-19,103,3,105110.09,1,1,1,111,Lost Customers,Low Value
CUST-1362,2025-11-12,49,9,308568.67,2,5,3,253,At Risk,Medium Value
CUST-1363,2025-10-11,81,7,305116.06,2,4,3,243,At Risk,Medium Value
CUST-1364,2025-12-28,3,8,1108563.74,5,4,5,545,Champions,High Value
CUST-1365,2025-11-04,57,8,495041.43,2,4,4,244,At Risk,High Value
CUST-1366,2025-09-16,106,5,735261.35,1,2,5,125,Lost Customers,High Value
CUST-1367,2025-12-29,2,9,482128.72,5,5,4,554,Champions,Medium Value
CUST-1368,2025-09-22,100,5,183704.98,1,2,2,122,Lost Customers,Low Value
CUST-1369,2025-10-29,63,7,801543.56,2,4,5,245,At Risk,High Value
CUST-1370,2025-10-12,80,6,256232.86,2,3,2,232,At Risk,Medium Value
CUST-1371,2025-08-08,145,3,38290.659999999996,1,1,1,111,Lost Customers,Low Value
CUST-1372,2025-10-18,74,8,515100.82,2,4,4,244,At Risk,High Value
CUST-1373,2025-12-13,18,10,1635156.03,4,5,5,455,Champions,High Value
CUST-1374,2025-11-19,42,6,502951.92000000004,3,3,4,334,Loyal Customers,High Value
CUST-1375,2025-11-27,34,10,633241.11,3,5,5,355,Loyal Customers,High Value
CUST-1376,2025-11-19,42,7,173372.21,3,4,2,342,Loyal Customers,Low Value
CUST-1377,2025-10-05,87,2,94600.46,1,1,1,111,Lost Customers,Low Value
CUST-1378,2025-11-16,45,9,972962.47,3,5,5,355,Loyal Customers,High Value
CUST-1379,2025-12-03,28,11,556292.5700000001,3,5,4,354,Loyal Customers,High Value
CUST-1380,2025-11-09,52,7,694907.31,2,4,5,245,At Risk,High Value
CUST-1381,2025-10-26,66,5,366387.12,2,2,3,223,Lost Customers,Medium Value
CUST-1382,2025-11-24,37,6,828109.57,3,3,5,335,Loyal Customers,High Value
CUST-1383,2025-12-30,1,7,265180.98,5,4,2,542,Loyal Customers,Medium Value
CUST-1384,2025-11-11,50,5,207738.91,2,2,2,222,Lost Customers,Low Value
CUST-1385,2025-12-03,28,9,590267.84,3,5,4,354,Loyal Customers,High Value
CUST-1386,2025-10-13,79,5,1026891.96,2,2,5,225,Lost Customers,High Value
CUST-1387,2025-12-05,26,9,484325.41,4,5,4,454,Champions,Medium Value
CUST-1388,2025-09-12,110,2,37165.6,1,1,1,111,Lost Customers,Low Value
CUST-1389,2025-09-14,108,7,251366.42,1,4,2,142,At Risk,Medium Value
CUST-1390,2025-10-17,75,9,434690.47,2,5,4,254,At Risk,Medium Value
CUST-1391,2025-12-13,18,6,263040.11,4,3,2,432,Loyal Customers,Medium Value
CUST-1392,2025-12-03,28,4,436714.08,3,1,4,314,Potential Customers,Medium Value
CUST-1393,2025-06-21,193,4,16262.5,1,1,1,111,Lost Customers,Low Value
CUST-1394,2025-09-18,104,5,566743.62,1,2,4,124,Lost Customers,High Value
CUST-1395,2025-11-10,51,6,820470.46,2,3,5,235,At Risk,High Value
CUST-1396,2025-09-11,111,4,401264.66,1,1,3,113,Lost Customers,Medium Value
CUST-1397,2025-12-24,7,8,197897.85,5,4,2,542,Loyal Customers,Low Value
CUST-1398,2025-12-17,14,10,406208.02,4,5,3,453,Loyal Customers,Medium Value
CUST-1399,2025-11-25,36,7,460777.22000000003,3,4,4,344,Loyal Customers,Medium Value
CUST-1400,2025-07-26,158,4,83664.24,1,1,1,111,Lost Customers,Low Value
CUST-1401,2025-12-30,1,7,349053.73,5,4,3,543,Loyal Customers,Medium Value
CUST-1402,2025-08-09,144,4,202808.41,1,1,2,112,Lost Customers,Low Value
CUST-1403,2025-10-27,65,4,207843.7,2,1,2,212,Lost Customers,Low Value
CUST-1404,2025-09-09,113,6,133262.02000000002,1,3,1,131,At Risk,Low Value
CUST-1405,2025-12-31,0,7,256944.41999999998,5,4,2,542,Loyal Customers,Medium Value
CUST-1406,2025-11-10,51,5,329643.56,2,2,3,223,Lost Customers,Medium Value
CUST-1407,2025-10-17,75,7,214240.36,2,4,2,242,At Risk,Low Value
CUST-1408,2025-12-12,19,10,254088.11,4,5,2,452,Loyal Customers,Medium Value
CUST-1409,2025-12-11,20,5,482047.52999999997,4,2,4,424,New Customers,Medium Value
CUST-1410,2025-12-09,22,11,829504.2000000001,4,5,5,455,Champions,High Value
CUST-1411,2025-05-16,229,4,69048.68,1,1,1,111,Lost Customers,Low Value
CUST-1412,2025-12-18,13,4,173090.72999999998,4,1,2,412,New Customers,Low Value
CUST-1413,2025-12-31,0,9,780493.3099999999,5,5,5,555,Champions,High Value
CUST-1414,2025-12-15,16,5,160810.01,4,2,1,421,New Customers,Low Value
CUST-1415,2025-05-05,240,4,49364.36,1,1,1,111,Lost Customers,Low Value
CUST-1416,2025-12-16,15,7,325655.87,4,4,3,443,Loyal Customers,Medium Value
CUST-1417,2025-11-12,49,8,235546.5,2,4,2,242,At Risk,Low Value
CUST-1418,2025-12-20,11,5,146411.45,5,2,1,521,New Customers,Low Value
CUST-1419,2025-08-24,129,2,15206.3,1,1,1,111,Lost Customers,Low Value
CUST-1420,2025-12-12,19,6,367559.74,4,3,3,433,Loyal Customers,Medium Value
CUST-1421,2025-12-13,18,3,252713.40999999997,4,1,2,412,New Customers,Medium Value
CUST-1422,2025-12-01,30,7,332702.39,3,4,3,343,Loyal Customers,Medium Value
CUST-1423,2025-12-27,4,6,734737.36,5,3,5,535,Loyal Customers,High Value
CUST-1424,2025-12-30,1,10,886365.26,5,5,5,555,Champions,High Value
CUST-1425,2025-10-16,76,7,651928.15,2,4,5,245,At Risk,High Value
CUST-1426,2025-11-18,43,8,144571.77000000002,3,4,1,341,Loyal Customers,Low Value
CUST-1427,2025-07-29,155,5,70480.07,1,2,1,121,Lost Customers,Low Value
CUST-1428,2025-12-01,30,6,188179.91,3,3,2,332,Loyal Customers,Low Value
CUST-1429,2025-12-05,26,10,367870.73,4,5,3,453,Loyal Customers,Medium Value
CUST-1430,2025-08-17,136,5,281073.08999999997,1,2,2,122,Lost Customers,Medium Value
CUST-1431,2025-10-27,65,6,253322.65000000002,2,3,2,232,At Risk,Medium Value
CUST-1432,2025-12-08,23,6,795395.12,4,3,5,435,Loyal Customers,High Value
CUST-1433,2025-11-09,52,7,319853.82,2,4,3,243,At Risk,Medium Value
CUST-1434,2025-11-13,48,8,330885.36,3,4,3,343,Loyal Customers,Medium Value
CUST-1435,2025-07-29,155,3,68263.94,1,1,1,111,Lost Customers,Low Value
CUST-1436,2025-12-17,14,6,64061.86,4,3,1,431,Loyal Customers,Low Value
CUST-1437,2025-10-23,69,6,146476.15,2,3,1,231,At Risk,Low Value
CUST-1438,2025-12-23,8,5,352970.93,5,2,3,523,New Customers,Medium Value
CUST-1439,2025-12-27,4,6,183300.5,5,3,2,532,Loyal Customers,Low Value
CUST-1440,2025-12-28,3,12,886862.73,5,5,5,555,Champions,High Value
CUST-1441,2025-11-27,34,5,244240.41,3,2,2,322,Potential Customers,Low Value
CUST-1442,2025-12-11,20,6,412372.7700000001,4,3,3,433,Loyal Customers,Medium Value
CUST-1443,2025-12-18,13,6,491849.41000000003,4,3,4,434,Loyal Customers,High Value
CUST-1444,2025-12-30,1,7,659138.75,5,4,5,545,Champions,High Value
CUST-1445,2025-11-27,34,6,288510.77999999997,3,3,3,333,Loyal Customers,Medium Value
CUST-1446,2025-11-16,45,7,323259.61,3,4,3,343,Loyal Customers,Medium Value
CUST-1447,2025-10-24,68,8,402073.43,2,4,3,243,At Risk,Medium Value
CUST-1448,2025-09-26,96,3,265730.13,1,1,2,112,Lost Customers,Medium Value
CUST-1449,2025-10-06,86,4,32578.079999999998,1,1,1,111,Lost Customers,Low Value
CUST-1450,2025-11-28,33,3,75557.42,3,1,1,311,Potential Customers,Low Value
CUST-1451,2025-12-31,0,12,810979.96,5,5,5,555,Champions,High Value
CUST-1452,2025-12-14,17,10,802219.6,4,5,5,455,Champions,High Value
CUST-1453,2025-11-04,57,6,327090.12,2,3,3,233,At Risk,Medium Value
CUST-1454,2025-11-07,54,9,920307.85,2,5,5,255,At Risk,High Value
CUST-1455,2025-09-29,93,7,202092.62,1,4,2,142,At Risk,Low Value
CUST-1456,2025-07-07,177,9,485703.94000000006,1,5,4,154,At Risk,High Value
CUST-1457,2025-12-24,7,4,407291.61,5,1,3,513,New Customers,Medium Value
CUST-1458,2025-12-05,26,5,387505.69,4,2,3,423,New Customers,Medium Value
CUST-1459,2025-12-14,17,4,193469.07,4,1,2,412,New Customers,Low Value
CUST-1460,2025-12-23,8,14,215708.46,5,5,2,552,Loyal Customers,Low Value
CUST-1461,2025-12-14,17,8,332365.45999999996,4,4,3,443,Loyal Customers,Medium Value
CUST-1462,2025-12-21,10,9,951801.55,5,5,5,555,Champions,High Value
CUST-1463,2025-06-06,208,5,97411.06,1,2,1,121,Lost Customers,Low Value
CUST-1464,2025-12-21,10,3,407594.93999999994,5,1,3,513,New Customers,Medium Value
CUST-1465,2025-12-03,28,11,581241.99,3,5,4,354,Loyal Customers,High Value
CUST-1466,2025-12-11,20,6,85101.78,4,3,1,431,Loyal Customers,Low Value
CUST-1467,2025-12-21,10,4,299919.76,5,2,3,523,New Customers,Medium Value
CUST-1468,2025-11-08,53,5,95606.0,2,2,1,221,Lost Customers,Low Value
CUST-1469,2025-12-22,9,10,707857.82,5,5,5,555,Champions,High Value
CUST-1470,2025-12-29,2,8,569473.19,5,4,4,544,Champions,High Value
CUST-1471,2025-12-24,7,8,728532.96,5,4,5,545,Champions,High Value
CUST-1472,2025-10-17,75,7,584473.17,2,4,4,244,At Risk,High Value
CUST-1473,2025-11-03,58,8,814909.79,2,4,5,245,At Risk,High Value
CUST-1474,2025-12-28,3,8,262603.98,5,4,2,542,Loyal Customers,Medium Value
CUST-1475,2025-12-27,4,6,1063508.37,5,3,5,535,Loyal Customers,High Value
CUST-1476,2025-12-11,20,9,475550.86,4,5,4,454,Champions,Medium Value
CUST-1477,2025-11-19,42,5,134527.6,3,2,1,321,Potential Customers,Low Value
CUST-1478,2025-11-15,46,8,681261.3200000001,3,4,5,345,Loyal Customers,High Value
CUST-1479,2025-10-26,66,4,407732.47000000003,2,2,3,223,Lost Customers,Medium Value
CUST-1480,2025-12-12,19,4,276597.07999999996,4,2,2,422,New Customers,Medium Value
CUST-1481,2025-09-08,114,9,903057.75,1,5,5,155,At Risk,High Value
CUST-1482,2025-09-14,108,6,627262.24,1,3,5,135,At Risk,High Value
CUST-1483,2025-10-17,75,2,333739.08,2,1,3,213,Lost Customers,Medium Value
CUST-1484,2025-12-27,4,4,179486.9,5,2,2,522,New Customers,Low Value
CUST-1485,2025-11-20,41,6,774309.22,3,3,5,335,Loyal Customers,High Value
CUST-1486,2025-09-29,93,7,719571.67,1,4,5,145,At Risk,High Value
CUST-1487,2025-09-20,102,8,384016.85,1,4,3,143,At Risk,Medium Value
CUST-1488,2025-12-01,30,9,445906.76,3,5,4,354,Loyal Customers,Medium Value
CUST-1489,2025-12-07,24,9,462047.59,4,5,4,454,Champions,Medium Value
CUST-1490,2025-06-19,195,4,150127.65,1,2,1,121,Lost Customers,Low Value
CUST-1491,2025-12-11,20,6,204035.38,4,3,2,432,Loyal Customers,Low Value
CUST-1492,2025-11-30,31,7,267611.38,3,4,2,342,Loyal Customers,Medium Value
CUST-1493,2025-12-03,28,5,450524.91000000003,3,2,4,324,Potential Customers,Medium Value
CUST-1494,2025-10-11,81,5,780299.6,2,2,5,225,Lost Customers,High Value
CUST-1495,2025-11-19,42,8,790515.9600000001,3,4,5,345,Loyal Customers,High Value
CUST-1496,2025-12-05,26,11,779328.59,4,5,5,455,Champions,High Value
CUST-1497,2025-12-26,5,8,654069.0599999999,5,4,5,545,Champions,High Value
CUST-1498,2025-11-30,31,3,166018.3,3,1,2,312,Potential Customers,Low Value
CUST-1499,2025-11-22,39,9,323065.22,3,5,3,353,Loyal Customers,Medium Value
CUST-1500,2025-10-20,72,10,880739.91,2,5,5,255,At Risk,High Value
